Geno.Strain,Sex,Genotype,Age,SampleID,Strain,Gender.Mean,Genotype,Age,Strain_Sex_Age_Geno,ELISA,Ymaze.Distance,Ymaze.TotalArms,Ymaze.SponAlt,Weight,Narrow.Beam,Incline.Screen,Grip.Strength,SM.Composite,EPM.Distance,EPM.TotalArms,EPM.PercenOpenEntries,EPM.PercenOpenTime,CFC.Baseline,CFC.PS4,CFC.AcqSlope,CFC.CFM,Decline.score.WM.Mean,Decline.Slope.WM.Mean,AAO.Mean,Decline.score.CFM
BXD44,0,5,14,A1,44,0,5,14,44_0_14_5,689.0666667,8.189846154,17.61538462,57.15384615,27.54615385,55.29,54.2675,-1.783888889,4.76102848,5.911166667,11.83333333,33.25,25.91666667,2.283076923,33.51846154,1.401615385,25.16846154,-7.777777778,-0.057289945,10.61538462,-24.13153846
C57BL.6J,1,5,14,A10,B6,1,5,14,B6_1_14_5,562.1872396,12.69276471,26.29411765,51.58823529,30.64117647,90.66575758,38.47272727,-1.820100909,4.448572599,4.47915625,9.96875,54.34375,47.75,3.306666667,36.59222222,1.553037038,49.32148148,-19,0.444222644,14.90322581,-24.32566138
DBA.2J,0,5,6,A11,D2,0,5,6,D2_0_6_5,44.0421875,15.8164,32.4,61.46666667,27.82307692,58.86708333,23.27270833,-2.934375,0.734857025,6.4836875,11,17.5,6.3125,1.18375,34.786875,6.9145,41.28625,-16,-0.124020285,13.77777778,-33.17683824
DBA.2J,0,0,6,A12,D2,0,0,6,D2_0_6_0,,12.74915385,26.46153846,61.23076923,30.88333333,20.92128205,16.63487179,-2.91974359,-0.394114164,5.977692308,9.076923077,13.38461538,5.384615385,0.637272727,45.03090909,13.67618182,23.36454545,-25,0.185684594,12.85714286,1.346287879
DBA.2J,0,0,14,A13,D2,0,0,14,D2_0_14_0,,10.88721429,25.57142857,48.21428571,35.51428571,27.61615385,20.34538462,-1.807435897,2.128087123,5.042615385,7.384615385,11.76923077,3.384615385,0.5475,49.6475,14.38191667,24.71083333,-25,0.185684594,12.85714286,1.346287879
DBA.2J,0,5,14,A14,D2,0,5,14,D2_0_14_5,702.4478423,11.46205556,23.22222222,50.83333333,29.00315789,40.90947368,38.07894737,-1.89701807,3.274957511,4.724,9.473684211,36.10526316,22.78947368,1.669411765,12.74058824,-0.329058823,8.109411765,-16,-0.124020285,13.77777778,-33.17683824
DBA.2J,1,0,6,A15,D2,1,0,6,D2_1_6_0,,16.4074,31.6,62,38.46666667,14.02166667,16.43388889,-3.246666667,-1.181701753,6.1555,10,11.16666667,3.833333333,0.39125,36.61875,10.7545,33.9225,,-0.147921573,13.5,-7.7425
DBA.2J,1,5,6,A16,D2,1,5,6,D2_1_6_5,4.796875,12.47753846,24.92307692,64.15384615,41.28571429,13.60625,17.90666667,-3.454583334,-1.507578248,5.87225,9.875,18.375,10.375,0.757692308,42.07769231,6.614384617,40.37769231,,-0.199426889,13.71428571,-29.30144231
DBA.2J,1,0,14,A17,D2,1,0,14,D2_1_14_0,,9.89075,24,62,36.9,17.59,20.98333333,-2.034,1.523031406,4.8608,7.8,8.6,3,2.3125,42.7825,10.2775,26.18,,-0.147921573,13.5,-7.7425
DBA.2J,1,5,14,A18,D2,1,5,14,D2_1_14_5,430.113125,10.75957143,21.85714286,68.28571429,37.04285714,34.575,18.06875,-1.969583333,1.816764732,5.145,11,30.75,23,1.75375,35.26,-5.198125,11.07625,,-0.199426889,13.71428571,-29.30144231
BXD68,0,0,6,A19,68,0,0,6,68_0_6_0,,10.74468421,24.31578947,60.68421053,26.45,19.55859649,16.57315789,-2.901754386,-0.390132376,6.782526316,12.42105263,27.10526316,11.94736842,8.751111111,54.78888889,14.79777778,46.11777778,-10.8,-0.180248025,9.8,7.830222222
BXD60,0,0,6,A2,60,0,0,6,60_0_6_0,,12.7255,30.75,59.5,28.4,28.325,9.500000001,-3.018333333,-0.861454261,7.734,16.25,36.75,15.25,0.375,36.015,12.138,23.975,-9,-0.531918296,16,5.931666667
BXD2,0,0,6,A20,2,0,0,6,2_0_6_0,,11.29685714,22.42857143,63.42857143,25.78571429,10.44,8.710952382,-2.419523809,-0.101315915,7.639428571,17,29.28571429,11.28571429,0.776,34.994,11.5046,52.568,,0.034782609,,
BXD2,0,5,6,A21,2,0,5,6,2_0_6_5,,8.27425,18.75,64.5,24.3375,50.10875,12.44333333,-2.229583333,1.288141062,7.39775,15.75,36.5,19,5.515,34.875,6.81225,51.0225,,-0.158100203,,
BXD14,0,0,6,A22,14,0,0,6,14_0_6_0,,14.95775,33,56.25,24.975,63.115,9.340833333,-2.890833334,0.07694163,8.50475,14,20.25,7.5,2.015,73.665,19.863,46.105,-25,-0.310106822,12,-11
BXD14,0,5,6,A23,14,0,5,6,14_0_6_5,72.8796875,13.28211111,30.22222222,57,22.17777778,64.70444444,26.51111111,-2.594074074,1.707703801,8.479888889,16.55555556,37.11111111,26.22222222,1.134,28.408,4.046,49.948,7,0.111675403,4,-45.738
BXD16,0,5,6,A24,16,0,5,6,16_0_6_5,81.140625,16.87625,35.875,54.375,24.6,22.60625,15.49166667,-2.59375,0.206919132,4.831875,8.875,28,15.125,1.0075,18.6675,4.5175,46.2975,-7.25,-0.006412499,7.5,0.0175
BXD16,0,5,14,A25,16,0,5,14,16_0_14_5,440.5625,8.49175,17.75,57,26.975,20.9475,10.5175,-1.59,1.833432246,5.34525,11.5,44.5,39.75,0.41,30.5,3.61075,46.315,-7.25,-0.006412499,7.5,0.0175
BXD34,0,0,6,A26,34,0,0,6,34_0_6_0,,8.0147,17,54.9,26.71,15.60727273,15.99787879,-2.713636364,-0.137272313,6.833,12.45454545,20.45454545,9.454545455,7.74,55.87545455,12.21272728,64.08636364,,0.342105263,,
BXD34,0,5,6,A27,34,0,5,6,34_0_6_5,,7.464,16.11111111,57.22222222,25.56666667,70.64777778,25.00592593,-2.704444445,1.522695407,4.353444444,7.888888889,28.77777778,26.77777778,12.22888889,41.94444444,7.970111108,60.01,,0.088867352,,
BXD42,0,0,6,A28,42,0,0,6,42_0_6_0,,14.9244,31.6,58.4,24.46,6.682,8.960000001,-2.631333333,-0.574721609,8.739,13.4,24,11.8,1.1575,16.0675,2.65075,38.76,-23,-0.12383323,14,-20.1
BXD42,0,5,6,A29,42,0,5,6,42_0_6_5,,13.26766667,29.22222222,52.77777778,23.08888889,19.70333333,9.287407407,-2.562222222,-0.158819397,8.489111111,17.55555556,35.22222222,20.11111111,1.195,21.385,6.104666667,55.28333333,10,0.157233393,8,-26.29833333
BXD66,1,5,6,A3,66,1,5,6,66_1_6_5,87.95833333,5.504333333,11.22222222,39.33333333,32.84444444,90.4037037,20.30444444,-3.068518519,0.930811152,5.258777778,11.11111111,25.66666667,9.888888889,0.3,57.1675,8.27675,42.565,8.75,-0.010804802,10.5,-17.911
BXD44,1,5,14,A30,44,1,5,14,44_1_14_5,238.421875,8.001125,17.125,61.375,36.5375,10.21,32.0625,-1.95,2.196884044,5.792625,11.75,32.25,16.625,2.3125,29.25,1.57425,27.01,-10.25,-0.000933423,11.75,-13.305
BXD51,0,0,14,A31,51,0,0,14,51_0_14_0,,10.616,24.5,52.75,29.175,11.2475,36.13833333,-1.794166667,5.720357444,6.1715,11.25,38.75,13.25,1.08,38.7825,12.38525,49.2475,-10.5,-0.014537103,11.5,-4.729166667
BXD51,0,5,6,A32,51,0,5,6,51_0_6_5,75.35625,14.71844444,29.77777778,61.33333333,22.64444444,15.70222222,13.59037037,-2.927037037,-0.701852881,5.919444444,11,41.33333333,20.77777778,6.17,44.29666667,1.810333334,42.53666667,-35.4,-0.077296427,11.33333333,-9.916666667
BXD51,0,5,14,A33,51,0,5,14,51_0_14_5,627.6125,9.773666667,21,44.16666667,24.58333333,14.764,76.75466667,-1.754,5.326924436,8.1528,19,40.6,33.8,0.646666667,45.57333333,0.456666667,32.62,-35.4,-0.077296427,11.33333333,-9.916666667
BXD55,0,0,6,A34,55,0,0,6,55_0_6_0,,21.93316667,47.83333333,60.33333333,23.58333333,14.475,9.747222223,-2.653333334,-0.414108859,7.496,12.33333333,21.33333333,7.333333333,0.4125,31.3325,8.95425,18.795,-16,0.040095067,10,-2.705
BXD55,0,0,14,A35,55,0,0,14,55_0_14_0,,14.442,31,45,26.8,4.485,9.63,-1.861666667,0.920425657,5.3175,5.5,0,0,0,9.045,2.7475,16.09,-16,0.040095067,10,-2.705
BXD55,0,5,14,A36,55,0,5,14,55_0_14_5,621.1875,20.31275,45.25,50.25,24.55,11.83,47.12666667,-1.886666667,3.248298832,7.54125,16,42,52,0.335,0.3325,0.09975,14.1575,-8.5,-0.1311073,9,-16.01583333
BXD60,0,5,14,A37,60,0,5,14,60_0_14_5,282.4375,8.13,19,53,37.4,119.97,55.7025,-1.245833334,7.180732362,7.00575,16,51,45,1.9325,29.8675,6.407,17.92,12,-0.143418286,4,-39.38
BXD60,1,5,14,A38,60,1,5,14,60_1_14_5,453.09375,8.865,23.33333333,42,44.1,16.75,38.72133333,-1.592666667,3.420360569,6.3406,12.2,31.2,23.4,3.668,34.264,6.208,23.844,-14.33333333,-0.139521155,8,-9.456
BXD61,0,0,14,A39,61,0,0,14,61_0_14_0,,6.2978,14.2,59.4,38.16,29.776,7.301333333,-1.719999333,1.566481819,4.927,8,10.8,2.4,3.148,56.8,10.6964,40.98,6,-0.046470607,11.2,-11.47
BXD100,1,5,6,A4,100,1,5,6,100_1_6_5,45.7234375,6.49625,11.75,66.875,32.0375,26.13666667,11.2875,-3.43125,-0.791662336,4.900875,10.25,35.25,22.625,0.595,17.335,6.0005,31.775,-17,-0.201868031,12.57142857,-10.735
BXD61,1,0,14,A40,61,1,0,14,61_1_14_0,,5.3134,12.6,49.8,42.7,16.69333333,7.779444444,-2.391110556,0.024391295,5.103166667,10.83333333,24.16666667,11.16666667,3.661666667,45.92166667,10.37433333,40.19333333,-16,-0.100939187,12.33333333,8.933333333
BXD61,0,5,14,A41,61,0,5,14,61_0_14_5,175.0625,15.01325,32.75,61.5,26.06,86.81142857,17.16619048,-1.695713809,3.346895169,3.808857143,9.714285714,50,35.42857143,0.805714286,37.77,5.013714286,17.38285714,23.5,0.038872629,9.428571429,-35.93214286
BXD61,1,5,14,A42,61,1,5,14,61_1_14_5,344.5994792,5.104,11,60.33333333,37.26666667,67.62,9.341111111,-2.055553333,1.794849131,4.136333333,10.33333333,49,33.33333333,3.62,63.11,8.768666666,31.59333333,-3.5,-0.139374741,10,-17.60166667
BXD65,1,0,6,A43,65,1,0,6,65_1_6_0,,17.24933333,36.83333333,53.5,33,44.944,6.758666667,-2.882666667,-0.425969201,9.293666667,13.66666667,18.33333333,7.666666667,0.1875,45.9275,15.57325,39.37,6.5,-0.003078584,7,41.125
BXD65,0,0,14,A44,65,0,0,14,65_0_14_0,,10.185375,21.625,51.375,33.8875,8.27375,15.64875,-1.875833333,1.326770309,6.132375,9.25,26.5,15.25,3.2625,51.155,15.540125,57.54875,-6.25,-0.128222821,9.25,-11.33125
BXD65,0,5,14,A45,65,0,5,14,65_0_14_5,183,12.73785714,28.14285714,51.14285714,27.22857143,39.35,39.16380953,-1.717619047,3.657601777,7.949142857,14.57142857,35.71428571,27.57142857,0.173333333,41.24333333,11.75083333,38.01833333,-11.14285714,-0.178325022,10,-15.11166667
BXD66,1,5,14,A46,66,1,5,14,66_1_14_5,393.875,6.84875,14,63.75,29.98,46.774,11.26066667,-1.978666667,1.639639115,3.402,6.8,37.4,26.8,2.534,40.836,6.1022,24.654,8.75,-0.010804802,10.5,-17.911
BXD68,0,0,14,A47,68,0,0,14,68_0_14_0,,6.9068,15,52.6,35.49,26.165,25.19666667,-2.046666667,1.921207533,6.0926,11.5,32.3,14.8,9.201,50.466,10.4539,53.948,-10.8,-0.180248025,9.8,7.830222222
BXD68,0,5,6,A48,68,0,5,6,68_0_6_5,63.12291667,10.96633333,24.33333333,61.55555556,24.64444444,44.79851852,18.19407407,-3.385185185,-0.728165639,6.177,11.77777778,30.11111111,16.11111111,5.093333333,34.66833333,2.734999998,66.42833333,-1.333333333,0.009031992,12,-33.155
BXD68,0,5,14,A49,68,0,5,14,68_0_14_5,118,16.60233333,39,65,26.5,66.89666667,51.41222222,-1.386666667,5.584283889,6.841333333,14.66666667,37.33333333,29,0.546666667,31.43333333,7.100333332,33.27333333,-1.333333333,0.009031992,12,-33.155
C57BL.6J,0,5,6,A5,B6,0,5,6,B6_0_6_5,41.43828125,13.00533333,30.5,56.83333333,22.23333333,7.925,29.98444445,-2.462777222,1.028406774,5.509,9.571428571,32,24.14285714,9.125,46.875,3.1575,54.83,,-0.067025627,16,
BXD68,1,5,14,A50,68,1,5,14,68_1_14_5,472.25,11.27885714,25.42857143,59.14285714,36.55714286,12.54428571,10.67619047,-1.6,1.654435243,6.239428571,14.14285714,52.57142857,36.42857143,4.241428571,29.68142857,3.939714286,43.59428571,-7.142857143,0.00655673,9.714285714,10.21428571
BXD69,0,0,14,A51,69,0,0,14,69_0_14_0,,13.201,30.6,59.4,28.38,18.4075,12.86083333,-1.5891675,1.923283061,7.70025,11.75,25.75,7.75,2.2275,26.335,6.0335,31.6875,-17,-0.042952865,11.2,-11.9425
BXD69,1,0,14,A52,69,1,0,14,69_1_14_0,,13.74566667,32.33333333,53.5,37.28333333,48.43333333,17.77444445,-1.754445556,2.497035,7.868666667,13.16666667,15.83333333,5.833333333,0.816666667,34.925,9.653166666,33.78833333,-11.66666667,-0.017863581,14.33333333,
BXD69,0,5,14,A53,69,0,5,14,69_0_14_5,364.4201389,16.79266667,39.83333333,51.33333333,24.98333333,125.71,46.30333333,-1.525555,6.192458343,7.536,15.2,31.6,15.2,1.756666667,18.88833333,4.286333332,21.84666667,-4.75,-0.191994274,9.333333333,-36.28833333
BXD69,1,5,14,A54,69,1,5,14,69_1_14_5,432.5625,8.8624,20.6,48.6,35.34,46.972,61.52133334,-1.973334667,4.641645357,8.2054,15.2,24.2,16,0.892,25.734,1.3506,32.988,1.333333333,-0.151896809,10,-11.622
BXD70,1,5,14,A55,70,1,5,14,70_1_14_5,943.4375,9.376333333,20,56,36.03333333,78.57,17.51333333,-1.467777778,3.64590926,4.154666667,9.333333333,50,49.66666667,9.646666667,38.88666667,-0.612999998,30.15666667,,-0.212097221,12.66666667,
BXD75,0,0,14,A56,75,0,0,14,75_0_14_0,,5.2148,11.2,43,34.15,21.23,21.98055556,-2.085555556,1.5550494,4.9485,7.5,16.66666667,10.5,1.84,32.33166667,9.555500001,25.95833333,-28.5,-0.145176269,13.2,-8.961666667
BXD75,0,5,6,A57,75,0,5,6,75_0_6_5,163.08125,10.63425,21.125,49.875,24.8375,52.43875,18.03916667,-3.140416667,-0.106899377,6.72575,12.5,27.25,11,1.4575,18.52,1.0435,43.615,-17,-0.017197431,10,-39.595
BXD75,0,5,14,A58,75,0,5,14,75_0_14_5,219.255,10.60775,22.5,44,29.225,82.8475,26.47416667,-2.125,2.984142622,5.98225,11.25,48.25,50,0,12.355,-0.17825,4.02,-17,-0.017197431,10,-39.595
BXD75,1,5,14,A59,75,1,5,14,75_1_14_5,777.0625,8.22475,15.75,67.5,33.75,35.07,76.54416668,-1.965833333,5.309965245,5.99975,14.5,52.25,38,1.305,30.8325,-1.8145,16.9675,1.75,-0.043917149,10.5,-27.2925
C57BL.6J,0,0,14,A6,B6,0,0,14,B6_0_14_0,,16.71875,36.25,58,29.525,24.16090909,15.34030303,-1.603939091,2.157561941,8.701,15.81818182,31.09090909,15.63636364,2.306666667,36.26222222,6.849222222,53.61444444,,-0.330006147,16,-0.030555556
BXD77,0,0,14,A60,77,0,0,14,77_0_14_0,,9.6835,20,56.5,32.41,69.624,14.691,-1.500333,3.234855553,6.4562,12.9,29.9,10.3,3.086,41.593,10.8748,26.566,-11,-0.04994793,13.4,13.366
BXD77,1,0,14,A61,77,1,0,14,77_1_14_0,,6.6485,15,51.5,37.95,72.865,17.25333334,-1.681665,3.099048582,5.034166667,9.666666667,20.83333333,3.5,1.311666667,21.11166667,2.517166667,24.265,-9.5,-0.108361036,13.33333333,7.41
BXD81,0,0,6,A62,81,0,0,6,81_0_6_0,,18.374125,41.75,58.125,23.1125,16.8025,27.79708333,-2.58875,0.831443641,7.2415,12.5,27.375,6.375,3.48,30.22333333,7.489333332,38.33333333,10.6,0.018085163,7.6,-6.629333333
BXD81,0,0,14,A63,81,0,0,14,81_0_14_0,,16.8926,37.2,56.2,29.08,11.598,14.40733333,-2.328,0.438884551,8.2796,14.6,15.4,13.4,13.638,44.786,10.8358,31.704,10.6,0.018085163,7.6,-6.629333333
BXD81,0,5,6,A64,81,0,5,6,81_0_6_5,108.1625,15.10641667,32.83333333,53.33333333,22.23636364,27.985,26.00805556,-2.536944445,1.050853756,7.71225,14.75,20,13.25,0.846666667,19.37166667,3.030666668,22.72,-11,-0.057351383,8.333333333,-7.858333333
BXD81,0,5,14,A65,81,0,5,14,81_0_14_5,,18.23416667,39.66666667,48.66666667,24.03333333,14.41,43.19333333,-1.73,3.371585182,9.029166667,18.5,28.33333333,35.16666667,0,14.91166667,3.806500001,14.86166667,-11,-0.057351383,8.333333333,-7.858333333
BXD87,0,5,14,A66,87,0,5,14,87_0_14_5,326.4826389,10.5969,24.3,52.2,23.99,50.953,50.89,-1.58,4.856033384,5.788222222,11.66666667,37.11111111,33.88888889,0.88,35.144,4.0244,22.986,-13.2,-0.109561066,10.6,3.492666667
BXD87,1,5,14,A67,87,1,5,14,87_1_14_5,713.9375,8.40825,19,48.25,31.4,36.38,61.82749999,-1.709166667,4.961550044,4.87675,12,55.25,41.75,2.09,44.6675,11.73425,33.57,-16.75,-0.085271906,10,-1.29
BXD99,0,5,6,A68,99,0,5,6,99_0_6_5,,13.297,29.75,37.75,24.575,34.0925,57.1975,-2.0483325,3.979563029,7.5285,12.5,8.5,4,5.62,54.89,3.753,62.7,2,0.158119658,6,13.88
BXD100,1,0,14,A69,100,1,0,14,100_1_14_0,,7.9725,19.66666667,53.66666667,40.2,11.00166667,27.57722222,-1.682777778,2.466794811,5.513333333,10.66666667,20.16666667,5.333333333,2.953333333,19.24166667,1.558333334,29.74666667,-15.16666667,-0.137817691,14.33333333,
C57BL.6J,1,0,6,A7,B6,1,0,6,B6_1_6_0,,15.2832,28.8,61.5,32.85,32.80833333,8.060833333,-2.976666667,-0.775687932,7.672,16.25,32.75,16.25,0.56,46.8325,15.43225,59.8125,-0.333333333,-0.175795376,12.42857143,-4.777954545
BXD100,0,5,6,A70,100,0,5,6,100_0_6_5,109.98125,6.375666667,11.33333333,70.66666667,23.95,29.84666667,19.64777778,-2.925,-0.045813356,5.518833333,12.16666667,34.33333333,14.16666667,6.345,33,6.447,40.7125,-2,-0.086714584,16,-25.7075
BXD100,1,5,14,A71,100,1,5,14,100_1_14_5,443.875,5.299857143,12.14285714,45.28571429,33.77142857,20.07142857,24.66571429,-2.065714286,1.730024992,4.800428571,10.42857143,34.57142857,12,1.532857143,16.00857143,-4.768142856,21.04,-17,-0.201868031,12.57142857,-10.735
C57BL.6J,0,0,6,A72,B6,0,0,6,B6_0_6_0,,17.18791667,37.16666667,56,22.51666667,13.35,9.996111111,-2.509166667,-0.141061923,7.142,11.18181818,17.90909091,7.909090909,4.821666667,44.945,6.247000001,53.645,,-0.330006147,16,-0.030555556
C57BL.6J,1,5,6,A8,B6,1,5,6,B6_1_6_5,5.432291667,15.33076923,28.92307692,62.23076923,30.4,35.48333333,9.842222222,-3.169444445,-0.991592396,8.661,15.33333333,26.83333333,20.16666667,0,43.71857143,9.987142856,73.64714286,-19,0.444222644,14.90322581,-24.32566138
C57BL.6J,1,0,14,A9,B6,1,0,14,B6_1_14_0,,11.54028571,26.14285714,61.57142857,36.52857143,29.76153846,18.61487179,-1.824615384,2.034884136,6.372692308,10.84615385,17.92307692,8.846153846,5.126363636,53.42727273,13.399,55.03454545,-0.333333333,-0.175795376,12.42857143,-4.777954545
BXD87,1,0,14,S103,87,1,0,14,87_1_14_0,,6.904,17,47,34.4,9.04,5.443333333,-1.423333333,1.617113642,4.092,5,20,2,10.15,47.33,7.833,55.1,-6,-0.387515263,6,1.42
BXD68,1,0,14,S106,68,1,0,14,68_1_14_0,,6.9755,16.5,77.5,40.5,16.295,9.160000002,-2.115,0.636376178,7.361,14.5,18.5,12.5,0.3,31,4.0665,53.535,7,0.008478693,14,12.7
BXD87,1,0,6,S11,87,1,0,6,87_1_6_0,,11.0925,23.25,52.25,28.85,33.72083333,11.38166667,-3.2075,-1.00965995,6.538,10,22.75,4.5,2.336666667,25.33333333,3.411333332,53.68,-6,-0.387515263,6,1.42
BXD44,0,5,6,S112,44,0,5,6,44_0_6_5,52.0375,11.06492857,21.71428571,53.92857143,27.74285714,21.31259259,21.94296296,-3.263333333,-0.740112574,6.421727273,12.09090909,28.09090909,8.727272727,4.4,65,8.1195,49.3,-7.777777778,-0.057289945,10.61538462,-24.13153846
BXD65,1,5,6,S114,65,1,5,6,65_1_6_5,103.85625,13.68725,29.75,57.75,29.45,18.7125,8.965833333,-3.019166667,-1.088090651,7.8255,12.5,17.25,4.25,0,47.67,16.7105,38.895,5.5,-0.017100551,10,18.43
BXD87,0,5,6,S12,87,0,5,6,87_0_6_5,66.33138889,8.8565,18.16666667,57.83333333,21.64166667,25.31416667,21.07888889,-2.939444445,-0.080011745,5.98125,11.83333333,35.33333333,17.58333333,6.456666667,44.66666667,7.889000002,19.49333333,-13.2,-0.109561066,10.6,3.492666667
BXD65,1,5,14,S120,65,1,5,14,65_1_14_5,687.9375,11.8475,27.5,55.5,33.9,13.425,14.76666667,-1.621666667,1.873079719,9.707,19,37,37.5,3.575,36.33,6.065,57.325,5.5,-0.017100551,10,18.43
BXD44,0,0,6,S124,44,0,0,6,44_0_6_0,,11.9115,22,66,27.6,8.15,15.42666667,-3.153333333,-1.177789178,8.741,18.5,27,9.5,6.555,56.665,13.134,26.335,,,16,19.075
BXD61,1,0,6,S13,61,1,0,6,61_1_6_0,,11.20725,26.875,53.125,33.62222222,58.615,14.07666667,-3.099166667,-0.137902517,6.509,13.5,28.25,11,1.64,43.8,12.34,31.26,-16,-0.100939187,12.33333333,8.933333333
BXD65,1,0,14,S131,65,1,0,14,65_1_14_0,,13.3105,29.5,61,41.1,9.97,18.40166667,-1.851666667,1.57159705,3.5765,5.5,32,1.5,1.12,42.335,5.134,80.495,6.5,-0.003078584,7,41.125
BXD65,0,5,6,S138,65,0,5,6,65_0_6_5,282.4375,16.2775,35.6,56,22.76,11.202,13.29333333,-2.758333333,-0.473686824,9.2415,16.8,31.4,12,3.976666667,42.22333333,12.33366667,53.13,-11.14285714,-0.178325022,10,-15.11166667
BXD44,1,0,6,S149,44,1,0,6,44_1_6_0,,16.4825,30.5,48,35.625,99.18,10.15333333,-3.733333334,-0.791057816,7.9695,12.5,18,7.5,0,14,5,34.98,6,0.117308779,6.666666667,-5.256666667
BXD51,0,0,6,S150,51,0,0,6,51_0_6_0,,17.26385714,34,64.14285714,22.75714286,18.87238095,13.61714286,-2.886666667,-0.500713701,7.932,13.28571429,26.71428571,10.71428571,1.29,56.66666667,19.22266667,53.97666667,-10.5,-0.014537103,11.5,-4.729166667
BXD62,1,5,6,S16,62,1,5,6,62_1_6_5,58.66875,4.947,9.5,87.5,34.475,68.38666667,20.8875,-3.545833334,-0.406798576,3.96475,8.25,35.25,27.75,18.12,55,0.733,64.825,-22.5,-0.090036129,10,-38.11
BXD44,1,0,14,S162,44,1,0,14,44_1_14_0,,9.131,22.33333333,62,38.76666667,11.58666667,22.78111111,-1.758888889,2.045179695,8.853,16.66666667,13.33333333,5,2.733333333,43.36333333,7.455,29.72333333,6,0.117308779,6.666666667,-5.256666667
BXD44,1,5,6,S165,44,1,5,6,44_1_6_5,57.39375,9.3014,18.1,62.1,34.01,20.43944444,27.60666667,-3.446111111,-0.777094974,4.730333333,8,18.83333333,5.5,2.315,39.93,3.9795,40.315,-10.25,-0.000933423,11.75,-13.305
BXD32,1,0,6,S17,32,1,0,6,32_1_6_0,,11.623,24.25,63.25,35.075,57.01416667,20.82833333,-3.460833334,-0.473361147,7.74425,13.25,32.25,13,0,44.335,13.835,60.065,-12,-0.123282316,9,1.42
BXD55,0,5,6,S172,55,0,5,6,55_0_6_5,100.65625,13.3371,30,53.2,22.88,25.562,16.57366667,-2.382333333,0.742551313,10.18171429,19.14285714,34,21.57142857,0.296666667,16,6.333,30.17333333,-8.5,-0.1311073,9,-16.01583333
BXD14,0,5,14,S176,14,0,5,14,14_0_14_5,,12.775,28,51.5,29.95,28.54,70.78333332,-2.065,4.643038745,5.122,11,70,93,0,2.015,-1.6635,4.21,7,0.111675403,4,-45.738
BXD22,0,5,6,S180,22,0,5,6,22_0_6_5,192.875,17.6665,37.25,51,23.975,25.516,16.802,-2.484667333,0.555829868,8.7954,15.8,32,16.4,0,31.60333333,8.344999999,28.08666667,-16.5,-0.026841536,7,5.483333333
BXD22,0,0,6,S182,22,0,0,6,22_0_6_0,,16.295,34,55.75,22.225,58.8025,16.38333333,-2.866666667,0.455946563,6.56225,11.75,12.25,3.5,0,75.84,15.462,38.07,-21.66666667,-0.054247564,13.33333333,-1.375
BXD99,0,0,14,S187,99,0,0,14,99_0_14_0,,14.344,29,52,42.4,12.13,13.79,-1.326666667,2.363717109,6.272,11,36,10,2.24,42,11.858,31.3,-21,-0.202669903,6,
BXD22,0,0,14,S188,22,0,0,14,22_0_14_0,,8.057666667,19,39.66666667,30.13333333,46.89333333,22.63555556,-1.172222222,3.88933689,5.146666667,9.333333333,19,2,1.64,27,-2.334,36.695,-21.66666667,-0.054247564,13.33333333,-1.375
BXD56,0,0,6,S193,56,0,0,6,56_0_6_0,,13.268,28,59.2,25.74,53.072,10.93866667,-2.567333333,0.600259592,6.1006,9.6,24.8,4.4,7.253333333,46.49333333,8.811,66.15,,-0.000213052,16,-34.295
BXD75,0,0,6,S194,75,0,0,6,75_0_6_0,,11.63033333,22.88888889,66.77777778,24.7,29.47222222,9.664074074,-3.064444444,-0.918471475,7.586222222,13.77777778,21.77777778,9.111111111,2.983333333,31.43,3.552333334,34.92,-28.5,-0.145176269,13.2,-8.961666667
BXD22,0,5,14,S199,22,0,5,14,22_0_14_5,594.25,12.576,25.5,49,31,98.85,44.00666667,-1.523333333,5.520243841,4.8885,11.5,49.5,27.5,5.97,51.495,15.407,33.57,-16.5,-0.026841536,7,5.483333333
BXD14,0,0,14,S201,14,0,0,14,14_0_14_0,,8.513,19,42,27.8,21.4,12.77333334,-1.373333334,2.398740453,6.6355,12,35,16,1.265,43.335,7.867,35.105,-25,-0.310106822,12,-11
BXD70,1,0,14,S210,70,1,0,14,70_1_14_0,,13.696,31.5,58,40.95,11.155,15.37666667,-1.4,2.295559958,7.433,15.5,18.5,7.5,1.27,45.465,11.236,34.565,,0.031688062,12,
BXD56,1,0,14,S215,56,1,0,14,56_1_14_0,,6.927,15,69,34.3,16.96,38.29666667,-1.606666667,3.372063978,4.602,12,33,12,0,12.67,4.733,3.03,,0.637681159,16,
BXD56,1,5,14,S216,56,1,5,14,56_1_14_5,192.6875,11.23633333,16.33333333,48.33333333,32.43333333,68.36666667,38.80222222,-1.308888889,5.015794081,3.165,7.333333333,53.33333333,39.66666667,5.22,58,-5.801,47.91,,0.009087935,13.33333333,
BXD68,1,5,6,S217,68,1,5,6,68_1_6_5,37.3625,8.07425,17,54.375,34.7875,19.1875,16.01166667,-3.21375,-1.038810706,6.97175,14,26,12.625,9.39,56,11.799,33.38,-7.142857143,0.00655673,9.714285714,10.21428571
BXD62,1,0,14,S22,62,1,0,14,62_1_14_0,,3.461666667,9.333333333,51.66666667,44.43333333,69.74333333,49.51111111,-1.514444445,5.279567962,5.447,10.33333333,12.66666667,5,10.04333333,64,11.85466667,64.78,3.666666667,0.009174671,7.333333333,7.3
BXD66,0,0,14,S23,66,0,0,14,66_0_14_0,,11.288,27,52,43.8,16.02,4.096666667,-1.723333333,1.092927261,8.073,15,33,29,0,64.67,12,12.11,9,0.146341463,4,-24.03
BXD42,0,5,14,S241,42,0,5,14,42_0_14_5,,5.7435,13,73,28.5,33.255,8.58,-2.44,0.309705866,8.165,16,46.5,36,1.715,34.67,1.7685,28.985,10,0.157233393,8,-26.29833333
BXD42,0,0,14,S243,42,0,0,14,42_0_14_0,,8.167,16,43,25.2,28.08,4.523333333,-1.54,1.717933728,4.599,8,0,0,0,9.33,3.399,18.66,-23,-0.12383323,14,-20.1
BXD89,1,5,14,S257,89,1,5,14,89_1_14_5,,14.206,30,32,35,26.88,31.69666667,-1.623333333,3.146713727,4.18,7,43,39,0,22.67,8.534,11.67,-28,-0.160334347,6,
BXD89,1,0,14,S258,89,1,0,14,89_1_14_0,,17.9975,44,49,39.3,93.005,70.05333332,-1.685,6.636051576,6.6165,13,51.5,37.5,0.3,51.665,7.533,30.635,-10.5,-0.043235823,6,
BXD44,0,0,14,S268,44,0,0,14,44_0_14_0,,8.001,18,75,29.9,7.82,8.926666667,-2.113333333,0.455362328,3.626,8,25,13,1.34,66,15.265,45.41,,,16,19.075
BXD70,0,0,14,S270,70,0,0,14,70_0_14_0,,18.767,41.5,65.5,33.7,8.266666667,12.51222222,-1.725555555,1.432960327,7.044333333,10,13.33333333,6,1.343333333,63.11,13.79966667,48.07,,0.059633028,16,
BXD32,1,5,14,S28,32,1,5,14,32_1_14_5,86.625,10.45533333,24,51.33333333,34.1,10.18333333,15.62333333,-1.677777778,1.749510646,7.698,16.66666667,53.33333333,48,2.783333333,34.22333333,3.538333331,50.09333333,-18.33333333,-0.236012693,15.33333333,18.94833333
BXD75,1,0,14,S29,75,1,0,14,75_1_14_0,,6.173,15,54,47.8,5.18,12.05666667,-1.523333333,1.737799427,9.386,19,21,11,2.09,56.67,15.669,33.6,-13,-0.007850834,8,-14.8
BXD60,1,5,6,S298,60,1,5,6,60_1_6_5,142.84375,9.4998,18.6,59.4,34.16,31.33,39.16133333,-3.12,0.76404383,5.2762,9.6,29.2,8.2,9.85,34.71,9.454,33.3,-14.33333333,-0.139521155,8,-9.456
BXD56,0,5,6,S300,56,0,5,6,56_0_6_5,196.375,12.356,30.5,68,24.75,17.21,23.99333334,-2.621666667,0.54940152,5.525,11.5,17.5,11,9.03,48.995,10.5855,57.765,,,,
BXD89,0,0,14,S301,89,0,0,14,89_0_14_0,,12.0345,22.5,65,33.1,11.565,12.795,-2.008333334,0.965165262,6.3465,7.5,5.5,1.5,2.015,23.335,5.78,48.55,5.5,0.138157077,16,
BXD56,0,0,14,S304,56,0,0,14,56_0_14_0,,9.03,18,62.5,32.25,12.41,17.97166667,-1.591666667,2.101634249,7.3875,10,22.5,4,0.3,44.665,10.4675,31.855,,-0.000213052,16,-34.295
BXD32,0,5,6,S306,32,0,5,6,32_0_6_5,89.42083333,15.75625,33.625,56.375,23.9875,44.5875,21.25958333,-3.22625,-0.240542642,7.2695,14.625,31.375,14.625,2.5025,34.1675,6.484,39.205,-2,-0.249611803,6,-37.87
BXD61,0,5,6,S31,61,0,5,6,61_0_6_5,54.2625,9.817888889,19,64,27.68888889,42.16666667,9.41,-2.889333333,-0.349724046,4.061,9.666666667,41.33333333,13.16666667,3.055,28.67,4.8885,53.315,23.5,0.038872629,9.428571429,-35.93214286
BXD66,0,5,6,S32,66,0,5,6,66_0_6_5,89.9375,9.21325,18,63.25,23.25,112.9225,18.86083334,-3.068333334,1.298411317,8.195333333,15.33333333,33.66666667,16.66666667,0,32,10.808,15.54,7.333333333,0.03394302,12,22.59333333
BXD100,0,0,6,S33,100,0,0,6,100_0_6_0,,9.233,17.83333333,61.16666667,26.3,37.80333333,17.33666667,-2.836111111,0.149953935,5.665166667,10.83333333,31.66666667,9.833333333,0,28.67,10.0675,33.63,-11.75,-0.069758912,11,-2.0075
BXD62,0,0,14,S40,62,0,0,14,62_0_14_0,,7.220333333,17.33333333,40,32.33333333,114.325,30.97166667,-1.39,5.316298373,5.064333333,9.666666667,22.33333333,5,15.29,68.89,13.13133333,71.47333333,-18,-0.424317477,14.66666667,32.62333333
BXD62,1,5,14,S41,62,1,5,14,62_1_14_5,912.9375,4.3655,13.5,38,32.75,16.9,19.23166667,-1.655,2.143415965,9.568,23,54.5,35,2.98,29.335,6.451,26.715,-22.5,-0.090036129,10,-38.11
BXD66,0,5,14,S42,66,0,5,14,66_0_14_5,514.8791667,9.180333333,19,54.66666667,29.63333333,64.85666667,18.69555556,-1.385555556,3.600663815,6.621666667,14.33333333,40.66666667,40.33333333,12.73333333,13.78,-2.618999999,38.13333333,7.333333333,0.03394302,12,22.59333333
BXD77,0,0,6,S43,77,0,0,6,77_0_6_0,,11.98375,22.25,58.5,26.30909091,38.218,17.25466667,-3.092666667,-0.346413965,7.1772,14.2,29.8,12,1.12,21.335,4.2965,13.2,-11,-0.04994793,13.4,13.366
BXD87,0,0,6,S46,87,0,0,6,87_0_6_0,,11.52283333,24,55.16666667,25,19.65166667,20.33,-3.007222222,-0.370420099,4.797166667,6.333333333,11.66666667,3.333333333,3.826666667,43.16666667,6.282,41.9,-2,0.002694995,5.333333333,-17.11
BXD68,1,0,6,S47,68,1,0,6,68_1_6_0,,12.3245,26.5,65.5,38.125,27.995,16.04,-3.245833334,-0.922556493,5.82675,10,25.25,10,3.81,53,9.0675,40.835,7,0.008478693,14,12.7
BXD66,1,0,6,S56,66,1,0,6,66_1_6_0,,7.0298,15,52.8,35.08,33.136,8.284000001,-3.042666667,-0.884449703,6.4996,11.4,20.6,8.4,0,39.33,8.733,12.56,-36,-0.124595522,6,21.52333333
BXD32,0,0,6,S57,32,0,0,6,32_0_6_0,,17.13875,34.5,60.25,25.2,23.49666667,9.750833333,-3.154166667,-1.208253517,7.5175,13.5,21,6.5,0.3,10,5.215,43.17,-7.666666667,-0.153361834,12,-32.81333333
BXD77,0,5,6,S58,77,0,5,6,77_0_6_5,241.125,11.97033333,24,63,23.1,97.045,15.87666667,-2.615,1.685004865,5.673,13,49,25.5,2.165,44.145,1.9065,47.525,-34,0.195069224,9.5,-44.335
BXD87,1,5,6,S60,87,1,5,6,87_1_6_5,37.3625,10.8712,23.8,53,30.36,61.81666667,34.11033333,-3.127333333,1.062449375,4.7516,8.4,30.4,9,9.24,50,7.532,34.86,-16.75,-0.085271906,10,-1.29
BXD60,0,5,6,S61,60,0,5,6,60_0_6_5,75.98125,8.016,16.8,51,30.8,50.512,24.764,-2.809333333,0.899134152,5.6344,10.8,41.2,24.2,0,50.515,12.62,57.3,12,-0.143418286,4,-39.38
BXD66,0,0,6,S62,66,0,0,6,66_0_6_0,,9.232,20.5,58.5,36,34.51,5.66,-2.586666667,-0.12437632,7.46,16,50,16,0,48,12.067,36.14,9,0.146341463,4,-24.03
BXD69,0,0,6,S64,69,0,0,6,69_0_6_0,,13.56875,26.5,63.5,22.8,25.87,10.68166667,-2.898333334,-0.60678256,7.909,13,29,15.5,4.93,44.67,13.887,43.63,-17,-0.042952865,11.2,-11.9425
BXD32,0,5,14,S69,32,0,5,14,32_0_14_5,141.125,8.88,13.5,48.5,26.6,121.04,30.20944444,-1.126666667,5.91903087,2.322666667,5.666666667,36,22,0,7,-3.268,1.335,-2,-0.249611803,6,-37.87
BXD75,1,0,6,S7,75,1,0,6,75_1_6_0,,10.988,22,65.5,38.5,91.47666665,10.07666667,-3.568333333,-0.629032788,8.651,16.5,25,12,2.24,15.33,0.065,48.4,-13,-0.007850834,8,-14.8
BXD100,0,0,14,S70,100,0,0,14,100_0_14_0,,6.94725,15.75,58.75,26.85,41.5625,20.88583334,-1.509166667,3.021704475,3.40575,7.5,42.75,9,5.0675,32,7.5765,31.6225,-11.75,-0.069758912,11,-2.0075
BXD32,0,0,14,S71,32,0,0,14,32_0_14_0,,13.54466667,32,48.66666667,31.7,6.08,10.98666667,-1.248888889,2.226972514,7.780666667,15.33333333,37.33333333,10.66666667,1.143333333,23.18333333,7.510666666,10.35666667,-7.666666667,-0.153361834,12,-32.81333333
BXD77,0,5,14,S74,77,0,5,14,77_0_14_5,226.3125,12.25325,25.75,58.25,28.52,138.056,39.77866667,-1.250665333,6.588379886,4.1238,8.8,39.4,28.2,10.27333333,0,-3.732333334,3.19,-34,0.195069224,9.5,-44.335
BXD87,0,0,14,S75,87,0,0,14,87_0_14_0,,7.450333333,17.33333333,55.33333333,28.03333333,8.356666667,12.3,-1.42,2.017448735,5.171,5,7.333333333,0.333333333,7.66,25.11,5.574333333,24.79,-2,0.002694995,5.333333333,-17.11
C57BL.6J,0,5,14,S78,B6,0,5,14,B6_0_14_5,463.375,,,,,24.18,37.96,-1.55,3.607610543,8.677,19,89,83,,,,,,-0.067025627,16,
BXD61,0,0,6,S79,61,0,0,6,61_0_6_0,,10.538,19.5,61.5,35.18333333,41.81,9.442222223,-2.927777778,-0.417347642,4.350666667,8,14.66666667,2.333333333,1.79,58.67,11.199,52.45,6,-0.046470607,11.2,-11.47
BXD62,0,0,6,S80,62,0,0,6,62_0_6_0,,7.543,15.66666667,56.66666667,32.66666667,43.16333333,66.81777777,-3.585555556,1.738919367,4.503333333,7.333333333,29.66666667,9,4.695,50.665,2.534,38.85,-18,-0.424317477,14.66666667,32.62333333
BXD77,1,0,6,S82,77,1,0,6,77_1_6_0,,10.40375,20.5,63.625,36.4,97.86,10.21466667,-2.926666667,0.757625487,6.33,12.8,23.4,6.4,0.895,15.665,4.1655,16.855,-9.5,-0.108361036,13.33333333,7.41
BXD62,1,0,6,S84,62,1,0,6,62_1_6_0,,3.912,9,72.66666667,42.375,141.285,12.71666667,-3.689166667,0.293887163,3.617,6,31,10.25,9.39,20,0.733,57.48,3.666666667,0.009174671,7.333333333,7.3
BXD62,0,5,6,S87,62,0,5,6,62_0_6_5,55.25,7.208,13,45,26.7,168.3033333,20.47,-3.116666667,2.413338484,7.668,15,27,18,0.6,24,8.6,73.06,,0.033565824,10,-50.28
BXD75,1,5,6,S88,75,1,5,6,75_1_6_5,98.78125,7.472,14.66666667,63.83333333,34.36666667,103.1722222,43.45611111,-3.24,2.22994599,4.572833333,10.5,36.16666667,30.16666667,1.64,5.665,-4.4,44.26,1.75,-0.043917149,10.5,-27.2925
BXD77,1,5,14,S9,77,1,5,14,77_1_14_5,798.3125,8.001666667,17.33333333,56.33333333,34.8,125.6766667,36.15777778,-1.671111111,5.305131497,5.634,14.33333333,41,27.66666667,3.71,36,-0.8,23.97,-4,-0.142618415,16,8.88
BXD66,1,0,14,S91,66,1,0,14,66_1_14_0,,6.0065,15.5,44,37.3,14.58,19.30777778,-1.572222222,2.262566901,4.571,7.5,16.5,5.5,0.25,19.77666667,4.377666668,34.08333333,-36,-0.124595522,6,21.52333333
BXD100,0,5,14,S92,100,0,5,14,100_0_14_5,919.5,8.286,17,73,24.85,95.105,16.90666667,-2.093333334,2.723556274,1.9595,4,25,5.5,1.115,13.025,-0.959,15.005,-2,-0.086714584,16,-25.7075
BXD60,0,0,14,S93,60,0,0,14,60_0_14_0,,9.812,22,55,44.2,22.96333333,7.386666668,-1.372222222,2.11213761,7.460333333,14,10.66666667,4.333333333,3.266666667,47.1,13.32533333,29.90666667,-9,-0.531918296,16,5.931666667
BXD62,0,5,14,S94,62,0,5,14,62_0_14_5,242.8125,11.7055,24,50,25.8,133.4133333,77.00833334,-1.022222222,7.978237853,4.107333333,12,55.66666667,50.33333333,0.446666667,7.556666667,1.358333333,22.78,,0.033565824,10,-50.28
BXD32,1,0,14,S96,32,1,0,14,32_1_14_0,,14.307,31.5,42.5,37.4,8.22,30.35666667,-2.153333333,1.659334218,5.927,12,33.5,28,4.1,50,8.5655,61.485,-12,-0.123282316,9,1.42
BXD61,1,5,6,S97,61,1,5,6,61_1_6_5,63.24375,8.5005,17.75,52,32.275,26.135,7.416666666,-3.3175,-1.612170625,5.77775,12,28.75,12.25,0.3,58.85,12.6545,49.195,-3.5,-0.139374741,10,-17.60166667
BXD32,1,5,6,S98,32,1,5,6,32_1_6_5,37.325,14.34866667,29,57.83333333,29.85,50.51,10.36222222,-3.228333333,-0.773298548,7.719666667,14.66666667,37.5,19,0.3,18.33,1.271,31.145,-18.33333333,-0.236012693,15.33333333,18.94833333
BXD69,0,5,6,S99,69,0,5,6,69_0_6_5,108.834375,13.43925,30,56.25,24,56.365,13.89222222,-3.017222222,-0.034455903,6.433166667,12.5,25.5,12,1.565,43.335,6.6745,58.135,-4.75,-0.191994274,9.333333333,-36.28833333
