SH name,CG name,S103,S106,S11,S112,S114,S12,S120,S124,S13,S138,S149,S16,S162,S165,S17,S22,S23,S28,S31,S32,S33,S40,S41,S42,S43,S46,S47,S56,S57,S58,S60,S61,S62,S64,S69,S70,S71,S74,S75,S78,S79,S80,S82,S84,S87,S9,S91,S92,S93,S94,S96,S97,S98,S99,S131,S150,S172,S176,S180,S182,S187,S188,S193,S194,S199,S201,S210,S215,S216,S217,S241,S243,S257,S258,S268,S270,S29,S298,S300,S301,S304,S306,S7,S88,A1,A2,A3,A4,A5,A6,A7,A8,A9,A10,A11,A12,A13,A14,A15,A16,A17,A18,A19,A20,A21,A22,A23,A24,A25,A26,A27,A28,A29,A30,A31,A32,A33,A34,A35,A36,A37,A38,A39,A40,A41,A42,A43,A44,A45,A46,A47,A48,A49,A50,A51,A52,A53,A54,A55,A56,A57,A58,A59,A60,A61,A62,A63,A64,A65,A66,A67,A68,A69,A70,A71,A72
m1,m1,0.94616,-0.52771,0.69342,-0.83269,0.23391,0.69925,0.55604,-0.34694,-0.39934,0.84499,-0.61769,-0.028812,0.1267,-0.017264,-0.62912,0.042808,0.32216,0.59979,-0.73782,-0.92894,0.10532,0.4997,-0.69571,0.53807,1.1455,-0.749,-0.56762,-1.1411,0.39134,0.33336,-0.78884,-0.38285,-1.2863,0.61361,0.53222,-0.76681,0.10023,0.52785,0.24436,0.58063,-1.2479,-0.38764,-0.74708,0.36194,-0.48584,-0.62282,0.45361,0.33923,-0.53848,0.41337,-0.61942,-0.67196,0.36415,-0.42735,-0.96716,0.29447,0.030076,0.79821,0.49609,-0.086346,-0.87158,0.62012,-0.57621,-0.34762,0.36548,0.40991,0.42232,-0.15364,-1.015,0.71206,0.53078,0.4863,1.0286,-0.92496,-0.22463,0.3184,-0.94567,-0.94467,-0.88967,0.9109,0.49774,-0.4243,-0.072113,-0.78856,0.13529,0.58037,-0.469,-0.44144,-0.17573,0.22606,-0.64883,0.23313,-0.35692,0.17877,0.11666,-0.14467,-0.11559,0.53129,-0.44289,-0.65723,-0.059055,0.16234,0.14315,-0.29162,0.42453,-0.32947,0.82054,0.17282,0.62174,0.0034366,-0.14496,0.086609,-0.74274,0.059353,-0.185,-0.42666,0.5278,-0.1855,0.20862,0.71892,0.36779,0.48042,0.053345,-0.78573,0.17172,-0.14403,-0.69124,0.096624,0.067017,0.095624,0.43842,-0.052816,0.83569,-0.15136,0.69841,0.0026864,0.36946,0.49282,0.2678,-0.89236,0.22397,0.63965,-0.29816,0.043337,0.62604,0.34346,0.43286,0.098795,0.59214,-0.28183,0.44006,0.79053,-0.12683,0.13602,-0.13395,0.51335
m2,m2,0.60043,-0.32727,0.13461,-0.30666,-0.051383,-0.14017,0.34255,-0.31582,-1.2094,0.25748,-0.4238,-0.32723,0.21322,0.05891,-0.35176,-0.24266,-0.13575,0.5368,-1.0048,-1.082,-0.39298,0.31638,0.078289,0.26956,0.48392,0.13183,0.042887,-1.0496,0.17493,-0.82042,-0.16446,-0.70539,-1.2727,0.15616,0.73154,-0.08969,0.094264,0.95423,0.056544,0.87971,-1.3225,-1.143,-0.20326,-0.0058944,0.052528,-0.35606,-0.058867,0.48731,0.28855,0.61909,-0.094673,-0.87245,-0.046583,-0.045805,-0.46275,-0.29125,0.38276,0.39498,0.79571,0.020421,-0.29751,0.58773,0.10598,-0.15322,0.27751,0.22674,0.2845,0.26644,0.61428,0.40076,0.36292,0.12139,0.12519,-0.13397,-0.10831,0.019705,-0.3694,-0.52613,-1.7398,0.73855,0.66009,0.22851,-0.66275,-0.14374,0.22787,0.15227,-0.52864,-0.25329,0.14528,0.22722,-0.84614,-0.36993,-0.13025,0.25885,-0.025238,-0.08857,0.077326,0.53513,-0.26841,-0.67035,0.066463,0.025051,0.025358,-0.28534,0.11277,0.068124,0.29545,0.35901,0.45821,0.0008265,-0.71155,0.54905,-0.033041,0.20832,0.030184,-0.045585,0.55741,0.23895,0.42572,0.75489,0.44138,0.42157,-0.32382,-0.030155,0.21459,0.010319,-1.8215,0.15226,0.41587,0.13493,0.13019,-0.23019,0.40968,0.34919,0.46235,-0.40666,0.51628,0.40546,0.46244,-0.40372,0.074838,-0.030288,0.015869,-0.20768,0.50534,0.41751,0.11128,0.22856,0.32519,-0.19975,0.37232,0.94266,-0.042838,-0.44913,-0.18984,0.14801
m3,m3,0.36909,-0.55162,0.88946,-0.43739,0.084771,-0.08085,-0.13723,0.53653,-0.66343,-0.06837,0.30479,-0.28263,-0.3989,-0.18442,-0.58192,-0.40519,-0.48651,-0.20975,-0.54267,-0.72111,-0.20633,0.58125,-0.41033,-0.23948,1.9662,-0.4101,0.42565,-0.76482,0.50972,-0.47291,0.098997,-0.29335,-0.93837,0.0029458,0.33037,-0.45359,-0.10285,1.2307,0.71418,1.3211,-0.93564,-0.60965,-0.11355,0.060079,-0.26403,-0.37141,0.48243,0.8663,0.38279,0.11886,0.21651,-0.67865,0.5451,0.064735,-0.86804,-0.33234,-0.12988,0.28679,0.60706,-0.33128,-0.80713,0.38862,0.02093,0.218,0.08093,-0.069608,0.1327,-0.2251,-0.63634,0.60916,0.78488,-0.14634,0.28267,-0.70834,-0.020037,-0.34961,-0.72142,-0.70136,-0.86765,0.097342,-0.11893,-0.37306,-0.43071,-0.14022,0.30798,0.14192,-0.19009,-0.078007,0.34388,0.022316,-0.34452,0.24472,-0.20481,0.31977,0.047249,0.093043,0.12152,0.43071,-0.021522,-0.11194,0.065889,-0.15811,0.21714,-0.27315,0.27651,-0.43709,0.57548,-0.019356,0.6323,0.0027863,0.083569,0.11239,-0.51314,0.01931,-0.34848,-0.11251,0.19625,-0.24421,-0.17443,0.13071,0.058991,0.54749,-0.3792,-0.4539,0.0086042,0.12573,-0.91491,0.36165,0.30881,0.39745,0.25038,-0.027556,0.010443,-0.13435,0.43296,-0.12286,0.39662,0.17936,0.11955,-0.65618,-0.16196,0.20888,0.28481,-0.31497,0.41233,0.79753,0.27766,-0.03289,0.36542,0.12209,0.013098,1.0044,-0.16927,-0.096863,0.31275,0.69683
m4,m4,-0.48319,-0.78351,-0.50846,0.40045,0.14234,0.33328,0.52325,-0.40497,-0.6116,0.61232,-0.58989,0.026163,-0.52814,0.20451,-0.63619,-0.58621,-0.50682,0.55995,0.26901,0.25783,-0.65967,-0.48651,0.5969,0.95188,-0.28236,-0.61469,-0.6611,-0.83023,-0.59487,0.7981,-0.26897,0.723,-0.70497,-0.62972,1.2449,-0.64366,-0.5554,1.8878,-0.50163,1.7936,-0.81012,-0.57472,-0.75412,-0.59596,0.46722,0.52308,-0.33897,1.21,-0.51885,0.86593,-0.51989,-0.0061334,0.17186,0.57421,-0.74364,-0.71852,0.35941,0.2672,0.39749,-0.67464,-0.77293,-0.40611,-0.62529,-0.68282,1.3875,-0.48717,-0.51844,-0.59461,0.050493,0.10935,1.136,-0.52375,0.80974,-0.53849,-0.59488,-0.63726,-0.7008,0.063077,0.16984,-0.37256,-0.35639,0.28032,-0.74864,0.16527,0.94626,-0.4838,0.27756,-0.028432,0.49384,-0.42122,-0.63999,-0.28327,-0.53685,1.0008,0.079885,-0.59488,-0.52965,1.1441,-0.61896,-0.37343,-0.6031,0.45929,-0.57966,-0.60507,0.28218,-0.67147,0.65701,0.5935,1.1632,-0.62098,0.17378,-0.69805,-0.12915,0.51829,-0.58018,0.046817,0.88789,-0.66246,-0.51841,0.91204,0.88106,0.68152,-0.48633,-0.66224,1.0147,0.74548,-0.8402,-0.50259,0.70058,0.74846,-0.45715,0.25349,0.5627,0.45464,-0.38218,-0.51186,1.0885,0.77219,0.78401,-0.67206,0.57121,1.3554,1.0004,-0.57991,-0.44796,-0.65977,-0.48345,0.2498,0.73888,0.87101,0.65364,0.99172,-0.69644,0.35548,0.47562,-0.47045
m5,m5,-0.27688,-0.45506,-0.36906,-0.024053,-0.030686,-0.14696,0.15357,-0.15225,-0.49873,0.16008,-0.3505,-0.25299,-0.43399,-0.16353,-0.57518,-0.38092,-0.42842,0.040172,-0.039011,-0.02188,-0.47344,-0.17857,0.068284,0.27964,0.014792,-0.47969,-0.42062,-0.60471,-0.31784,0.087729,-0.26131,0.30169,-0.56299,-0.42866,0.93753,-0.35587,-0.27677,4.2864,-0.23588,1.8125,-0.58971,-0.34697,-0.43101,-0.27525,-0.055072,0.14234,0.15379,0.72358,-0.18847,0.50339,-0.30425,-0.21168,-0.014822,0.073067,-0.40127,-0.36751,0.42997,-0.073684,0.39626,-0.34737,-0.4884,-0.18947,-0.28309,-0.26244,1.8131,-0.22954,-0.33677,-0.19349,-0.29157,0.12552,0.65327,-0.19313,0.59727,-0.48164,-0.28385,-0.43025,-0.41002,-0.12836,-0.30311,-0.28228,-0.10229,0.12361,-0.47087,-0.10738,0.75795,-0.35008,-0.0099985,-0.14727,0.20765,-0.19686,-0.27786,-0.15441,-0.31981,0.42043,0.16244,-0.25168,-0.24684,1.0323,-0.27027,-0.2255,-0.28423,0.19909,-0.32205,-0.2872,0.20172,-0.38191,0.2561,0.30045,0.96787,-0.29534,-0.065214,-0.16728,-0.23855,0.16553,-0.36877,-0.014945,0.81678,-0.35305,-0.22213,0.45028,0.58403,0.42244,-0.33565,-0.44224,0.50538,0.35014,-0.65855,-0.20039,0.45184,0.40647,-0.17407,-0.059261,0.20353,0.18175,-0.12263,-0.32007,0.63064,0.29184,0.44603,-0.44597,0.06537,1.0198,0.46252,-0.37635,-0.16633,-0.22963,-0.23983,0.015597,0.41652,0.36847,0.16547,0.83573,-0.44073,0.1106,0.27177,-0.087677
m6,m6,-0.14737,-0.61825,-0.22711,-0.028273,-0.073606,-0.10635,0.20164,-0.20933,-0.41088,0.17336,-0.32729,-0.25343,-0.22213,-0.16718,-0.40023,-0.35515,-0.41149,0.074615,-0.036937,-0.034732,-0.3879,-0.18936,0.14788,0.22051,0.1086,-0.35402,-0.30607,-0.53645,-0.27546,0.01998,-0.23058,0.19762,-0.47945,-0.40084,0.73017,-0.21853,-0.28578,1.7258,-0.16582,1.3281,-0.59524,-0.48425,-0.42897,-0.47323,-0.033383,0.16398,-0.07254,0.57144,-0.1645,0.43737,-0.23756,-0.18902,0.11656,0.13028,-0.50478,-0.30794,0.15084,0.020544,0.19796,-0.33112,-0.423,-0.16643,-0.30555,-0.28106,1.0066,-0.17667,-0.29214,-0.10161,4.071,0.096573,0.62736,-0.18031,0.2887,-0.27758,-0.28026,-0.42882,-0.37245,-0.090376,-0.21615,-0.1106,-0.11131,0.17033,-0.56795,-0.12957,0.36429,-0.18635,0.038329,-0.046221,0.1643,-0.17687,-0.20466,-0.031779,-0.24994,0.43399,0.1142,-0.24301,-0.23754,0.68331,-0.25117,-0.12285,-0.33785,0.16535,-0.25229,-0.23917,0.097259,-0.35176,0.24599,0.3439,0.60105,-0.24854,-0.18126,-0.038729,-0.13729,0.15949,-0.32938,-0.03843,0.46618,-0.21274,-0.20015,0.47534,0.41392,0.41127,-0.36198,-0.31191,0.39916,0.35694,-0.71128,-0.1217,0.34346,0.39713,-0.16867,-0.062776,0.251,0.18285,-0.023047,-0.28328,0.54537,0.39406,0.36559,-0.38869,0.10683,0.52875,0.35442,-0.33842,-0.056372,-0.17782,-0.22133,0.03629,0.35719,0.32961,0.23476,0.69657,-0.36197,-0.011697,0.19333,-0.11604
m7,m7,-0.11125,-0.60067,-0.28208,0.048646,-0.058281,-0.22753,0.69384,-0.51819,-1.2641,0.58951,-0.6883,-0.19542,-0.35821,0.32779,-0.65614,-0.7016,-0.34994,0.79497,-0.48393,-0.70633,-0.82504,-0.27515,0.89194,1.0483,-0.43115,-0.13549,-0.31623,-1.1005,-0.46594,-0.14336,-0.27769,-0.042447,-1.1202,-0.39694,1.8119,-0.55174,-0.18317,2.5212,-0.41661,2.5029,-1.5654,-1.4139,-0.2676,-0.46899,0.46592,0.19853,-0.37181,1.2615,-0.024341,1.1857,-0.102,-0.59895,-0.12935,0.28736,-0.72244,-0.86147,0.35587,0.31134,0.75792,-0.50705,-0.65448,0.061928,-0.17559,-0.50131,1.0912,-0.33774,-0.17555,-0.2387,1.0725,0.17663,0.7892,-0.49235,0.43927,-0.22078,-0.4647,-0.45436,-0.57035,-0.29218,-1.3332,0.22761,0.10935,0.24126,-1.043,0.22663,0.94591,-0.26937,-0.18358,-0.2411,0.55636,-0.19228,-0.97146,-0.6931,-0.46076,0.98426,-0.028524,-0.56258,-0.27605,1.343,-0.52139,-0.74213,-0.39217,0.42541,-0.4647,-0.67128,-0.021857,-0.30097,0.4015,0.64623,1.1113,-0.33025,-0.5439,-0.29895,-0.062577,0.65403,-0.44429,0.037419,0.98771,-0.41562,-0.051236,1.2073,1.0243,0.80123,-0.65648,-0.2984,0.9006,0.42362,-2.0419,-0.3909,0.83123,0.70535,-0.28083,-0.050085,0.57367,0.63947,-0.047225,-0.75029,1.2246,0.95035,0.96754,-0.60498,0.44378,0.91314,0.79236,-0.59573,-0.18171,-0.2713,-0.39849,0.26631,0.65181,0.54132,0.82223,1.3184,-0.46909,-0.21333,0.11658,-0.43661
m8,m9,0.073718,-0.71741,0.34548,0.041873,0.11957,0.34795,0.53951,-0.21246,-0.69702,0.35819,-0.15203,-0.22055,-0.37562,-0.26815,-0.041518,-0.01381,0.22063,0.24991,-0.67354,-0.72276,-0.26119,-0.034142,0.15746,0.32668,0.35736,-0.15749,-0.10383,-1.3206,-0.1442,0.46297,-0.50647,-0.34499,-1.2109,-0.36509,0.63591,-0.32163,-0.19499,1.2285,-0.12548,1.2691,-1.3132,-0.89338,-0.52179,-0.22341,-0.25232,0.24074,-0.2232,0.23373,-0.087791,0.64673,-0.059702,-0.66364,0.22299,-0.06502,-0.44033,0.066808,0.018899,0.16537,0.54448,-0.44852,-0.35244,0.11582,-0.053045,-0.31643,1.0912,0.14703,-0.16858,-0.58152,-0.57113,0.19661,0.54921,-0.13871,0.55843,0.23154,-0.34756,-0.14252,-0.18618,-0.58721,1.1123,0.31527,-0.094819,-0.03657,-0.58073,-0.40397,0.1472,-0.081548,-0.054652,-0.10197,0.020135,0.030046,-0.10999,0.18106,-0.076444,0.62619,0.12281,-0.10811,-0.21359,0.71569,-0.21963,-0.25081,-0.31565,0.21591,-0.22848,-0.43143,0.12591,-0.24524,0.25403,0.071025,0.51918,-0.23612,0.42736,-0.78081,-0.037453,0.0015844,-0.18946,0.16106,0.23632,-0.39542,0.078389,0.19506,0.32666,0.45683,0.062855,-0.24147,0.35216,0.13438,-0.094701,0.0012921,0.43956,0.32301,0.016435,0.18556,0.20015,0.088163,0.051043,0.32325,0.42079,0.25264,0.13136,-0.19563,0.28172,1.1667,0.2446,-0.1352,-0.10618,-0.22821,-0.19972,0.045541,0.41712,0.41622,0.48879,0.51837,-0.234,-0.2237,0.058856,-0.049861
m9,m10,-0.14098,-0.90245,0.43684,0.29794,0.064663,0.77134,0.41183,0.16346,0.05218,0.21954,0.53195,0.28528,-0.06757,-0.032186,0.65038,0.20963,0.45594,0.40539,-0.30385,-0.29966,-0.085643,-0.40834,0.32995,0.11466,0.48906,-0.16947,0.07892,-1.4657,-0.42906,1.4538,-1.091,0.14491,-0.94948,-0.58993,0.026147,-0.76525,-0.2886,0.60649,-0.22032,0.2931,-0.94904,-0.10448,-0.68925,0.028304,-0.12468,0.52029,-0.11186,-0.11171,-0.18373,-0.031939,0.1363,-0.55091,0.052585,-0.029573,-0.096112,0.38641,-0.22616,-0.18213,0.16369,-0.59919,-0.38626,-0.18072,-0.13301,-0.43973,0.49649,0.13684,-0.25726,-0.76707,-0.53745,0.19713,0.11741,-0.42307,0.51735,0.48738,-0.38852,-0.0019824,0.23227,-0.13145,2.732,-0.048164,-0.54019,0.018925,-0.40012,-0.20623,0.1604,-0.046139,0.60283,-0.085362,-0.21092,-0.17044,0.11753,0.20516,-0.024589,0.44981,0.18397,0.015435,-0.24765,0.44346,-0.030611,-0.043765,-0.34893,0.36017,-0.26584,-0.49664,0.20566,-0.23522,0.2782,-0.28664,-0.033382,-0.29745,1.598,-0.82533,-0.09957,-0.017567,-0.079116,0.083142,-0.21256,-0.7244,-0.22121,-0.34519,0.16549,0.23661,0.33502,-0.30649,0.11942,0.0032416,1.941,-0.30458,0.034367,0.16221,0.0067811,0.23078,-0.1089,-0.13173,-0.17882,1.0618,0.15288,-0.014351,-0.094717,-0.048229,0.029015,1.0182,0.27256,-0.084981,-0.34538,-0.67928,-0.27568,0.0071552,0.33102,0.33276,0.22202,0.017708,-0.24721,-0.50465,-0.19621,-0.18937
m10,m11,-0.039648,-1.1581,0.41097,0.56598,0.19361,0.41826,0.45268,0.056058,-0.63746,0.10291,0.37359,-0.093022,0.23627,0.28121,0.62365,0.26673,0.3004,0.2522,-1.105,-0.73718,-0.20215,-0.29803,0.0047755,-0.39372,0.58661,-0.068126,0.087988,-2.0563,-0.24019,0.47495,-0.81659,-0.46719,-1.1267,-0.66856,0.15068,-0.37957,-0.086933,0.65198,0.053848,0.22992,-1.2144,-1.069,-1.1683,-0.24789,-0.12809,0.33315,-0.46284,-0.34631,-0.14589,0.037769,0.13516,-0.76661,0.40612,0.12374,-0.40532,-0.19492,0.10601,0.0529,0.53356,-0.49561,-0.38871,0.18174,-0.093368,-0.42084,0.36793,-0.15574,-0.28764,-0.70741,0.51387,-0.13857,0.49099,0.045771,-0.025275,1.1878,0.19658,-0.55981,0.449,-0.14865,1.7982,0.49538,0.061013,0.013561,-0.28268,-0.31032,0.0017485,-0.041493,0.096082,-0.065194,-0.47517,-0.094904,-0.21234,0.13465,-0.051619,0.38911,0.22496,0.31377,-0.060955,0.70039,0.37766,0.075038,-0.20519,0.34731,0.026894,-0.31253,0.36969,-0.34324,-0.16625,-0.46389,0.053662,-0.16072,1.0504,0.67415,0.16196,0.032039,0.059223,0.082354,-0.12266,-0.3037,-0.1071,0.038204,0.025389,0.37802,0.25295,0.10445,0.080694,0.024103,-0.15045,0.15845,0.18632,-0.063617,0.15805,0.41676,0.070053,0.18185,0.071691,0.77205,0.36776,0.29895,-0.26489,0.039189,0.24102,0.80167,0.46072,-0.0096544,0.11655,-0.44636,-0.070156,0.17877,0.07959,0.23881,0.16397,0.39534,-0.12581,-0.4881,-0.0547,-0.17861
m11,m12,0.88738,0.47857,0.18502,-0.10104,0.01275,-0.53789,0.10831,-0.17364,-1.3466,-0.34672,-0.29707,-0.27293,0.66325,0.21466,-0.16433,-0.12411,-0.038878,0.17621,-1.3478,-1.1793,-0.049341,0.55867,-0.16235,-0.42635,0.69637,0.71809,0.60332,-0.54471,0.64708,-1.7297,0.38862,-1.1903,-0.8515,0.33883,-0.16295,0.58084,0.68933,-0.48022,0.36226,-0.43447,-0.81135,-1.1378,0.33584,0.39935,0.25449,-0.73261,-0.1446,-0.30367,0.88235,0.089127,0.0087423,-0.94147,-0.0090289,-0.19398,-0.0079133,-0.24423,0.3795,0.31756,0.77105,0.44268,0.12874,0.83115,0.73762,0.36246,-0.49271,0.53036,0.56262,0.96398,0.58612,0.32325,-0.38668,0.31016,-0.69285,0.073725,0.29194,0.25784,0.083276,-0.35123,-2.5801,0.9545,1.0492,0.54292,-0.56016,0.012045,-0.24905,0.42927,-0.57807,-0.050984,-0.052555,0.436,-0.92301,-0.61156,0.13305,-0.40148,-0.14353,0.25399,0.40213,-0.13409,0.12053,-0.70766,0.491,-0.30774,0.35415,0.057621,-0.020976,0.55479,-0.25556,0.17308,-0.27706,0.39938,-0.92531,1.1174,0.12247,0.034715,0.4414,0.0012101,0.20644,0.96648,0.85945,0.34211,0.049777,0.071767,-0.34412,0.60889,-0.25,-0.28173,-1.9656,0.59575,0.12738,-0.30762,0.21435,-0.39942,0.049585,0.3505,0.71293,-0.40877,0.024018,0.023825,0.19021,-0.22447,-0.15637,-1.1278,-0.38609,-0.10863,0.96323,1.0256,0.27371,0.43359,-0.17305,-0.7985,-0.03406,0.4114,0.4628,-0.7524,-0.65234,0.28406
m12,m13,0.64675,1.8526,0.51662,-0.27348,-0.24016,-0.51376,-0.13237,-0.41881,-0.8821,-0.58772,-0.18047,-0.12068,-0.096361,-0.46538,0.091151,-0.18606,-0.043151,-0.275,-0.39302,-0.72671,0.11047,0.13351,-0.25568,-0.43856,0.63506,0.96682,0.92478,1.3414,1.0932,-1.3038,0.5565,-0.62567,-0.42065,0.1913,-0.49606,0.4728,0.6796,-0.79624,-0.029849,-0.98632,-0.22412,-0.44639,1.6383,0.64229,0.069073,-0.59913,0.052705,-0.5109,0.90921,0.26882,-0.20865,-0.4396,-0.0080926,-0.12054,0.60689,0.34265,0.20527,-0.082907,0.75639,0.26411,0.40244,0.37056,1.1402,0.76635,-0.66536,0.62162,0.63576,0.88053,0.63974,0.16449,-0.7147,0.12165,-0.48977,0.011294,-0.042267,0.68324,0.096525,-0.47635,-1.8903,0.54153,0.69045,0.26423,-0.48194,0.0097681,-0.50805,0.32003,-0.36183,0.079521,0.034035,0.37643,-0.55229,-0.65832,0.30371,-0.4589,-0.26375,0.13627,0.20281,-0.54769,-0.14028,-0.56123,0.58188,-0.53172,0.35231,0.26027,-0.15881,0.88318,0.03521,0.21172,-0.43243,0.35731,-1.0973,0.47892,0.34926,-0.31499,0.32495,0.33394,0.091325,0.91712,0.80263,-0.18567,-0.12579,-0.14682,-0.39804,0.53425,-0.33697,-0.50647,-1.9623,0.4463,0.031113,-0.40402,0.021779,-0.43345,-0.32351,0.29571,0.28193,-0.47102,-0.43556,-0.53411,0.13018,0.19623,-0.025712,-1.0366,-0.54339,-0.061199,0.48612,1.0891,0.060458,0.34602,-0.19806,-0.77931,0.036648,0.096554,0.23597,-1.0731,-1.0255,0.15338
m13,m14,0.49446,1.1363,0.0052787,0.054293,-0.061292,-0.66791,-0.3644,0.19512,-0.69097,-0.89044,0.12228,-0.017928,0.76244,0.34034,0.22499,0.19846,-0.044907,0.11423,-0.66005,-0.39004,0.088391,0.41771,-0.35682,-1.0029,0.92913,1.0398,0.68009,0.5021,0.895,-1.7411,0.49252,-0.37484,0.53668,0.28097,-1.0342,0.73271,0.54076,-1.6027,0.22933,-1.5148,0.76637,-0.0497,0.52924,0.53483,0.58159,-0.76207,-0.081553,-0.57927,0.9553,-0.44675,0.21294,-0.024171,0.0019814,-0.12031,0.27074,-0.35177,0.32059,-0.10295,0.39418,0.60107,0.27976,0.70053,0.78654,0.50578,-1.3554,0.2705,0.61098,1.2099,0.61061,-0.051007,-0.51174,0.57407,-1.0324,0.12206,0.5208,0.28918,0.42613,0.48239,-2.661,0.698,0.99518,0.58267,-0.40323,0.25949,-0.61944,0.45641,-0.10991,-0.056894,-0.1978,0.39559,-0.65272,-0.77744,0.27454,-0.76579,-0.37675,0.34149,0.42816,-0.63937,0.24316,-0.45608,0.68374,-0.4661,0.64114,0.55217,-0.18226,0.51627,-0.52612,-0.14509,-0.95242,0.50061,-1.1085,1.435,0.31704,-0.056838,0.59895,-0.073461,-0.17408,1.0793,0.64359,0.093406,-0.36088,-0.19137,-0.38698,0.79271,-0.51443,-0.34872,-2.0448,0.50744,-0.39752,-0.6978,0.23723,-0.44876,-0.27251,0.33142,0.61648,-0.34262,-0.30912,-0.31246,-0.13452,0.0045953,-0.27939,-1.6666,-0.44939,-0.088806,1.0452,0.88589,0.38233,0.3881,-0.50428,-0.94735,-0.4628,-0.0066032,0.44794,-0.93874,-0.94565,0.39115
m14,m15,0.043021,-0.15833,0.83946,0.60701,0.12719,0.42065,0.26459,0.015221,-0.05373,-0.36688,0.68687,0.176,0.18203,-0.14238,1.124,0.33625,0.53943,0.0031473,-0.69686,-0.55506,0.14696,-0.3167,0.023458,-0.70196,0.54751,0.56406,0.65803,-0.96904,0.088757,0.42196,-0.5777,-0.33835,-0.66717,-0.51979,-0.77236,-0.26505,0.01967,-0.79129,-0.072674,-0.78719,-0.58735,-0.33725,-0.13985,0.21225,-0.052835,0.23006,-0.1617,-0.84561,0.24224,-0.29363,0.29477,-0.54491,0.21912,-0.051129,0.49868,0.57563,-0.19773,-0.34576,0.31564,-0.41213,0.094334,0.06971,0.69749,-0.0091896,-0.46854,0.39115,0.021806,-0.40013,-0.18006,-0.12348,-0.57602,0.088413,-0.2853,1.3674,-0.041294,0.15168,0.84037,-0.020973,2.2835,0.32578,-0.082905,0.10128,-0.12023,-0.1196,-0.47333,0.20277,0.29633,0.052744,-0.47709,0.084866,0.20083,0.097862,0.41813,0.03072,0.023467,0.34302,-0.047332,-0.12535,0.34802,0.082452,0.02026,-0.056108,0.12687,-0.15095,0.01396,0.14684,-0.30817,-0.6181,-0.72857,0.058086,1.0703,0.020654,0.29983,-0.35883,0.33355,0.33891,-0.56413,-0.16208,0.23106,-0.76024,-0.2946,-0.11589,0.41323,0.44726,-0.30872,-0.35554,0.81809,0.27738,-0.11635,-0.39329,0.15266,0.21579,-0.51655,-0.052089,-0.072771,1.1114,-0.31405,-0.4528,-0.52993,0.55904,0.016843,0.15563,-0.098063,0.19728,-0.095624,-0.13693,-0.042071,0.092531,-0.24238,-0.044531,0.040812,-0.37837,0.10492,-1.0154,-0.6282,-0.11651
m15,m16,0.37805,0.29586,0.72625,0.59669,0.1291,-0.28317,0.32366,-0.19324,-0.72291,-0.44378,0.12342,0.054618,0.14954,-0.083816,0.52324,-0.044221,0.25074,-0.43307,-1.2173,-1.278,0.30497,-0.0020439,-0.041528,-0.64732,0.27863,0.66084,1.2145,-0.8443,0.38567,-0.7744,-0.05994,-1.208,-1.2695,-0.29546,-0.34817,0.27346,0.75521,-0.52802,0.093037,-0.49125,-1.245,-0.92455,0.40926,0.50129,-0.25336,-0.11286,-0.51217,-0.88055,0.74215,0.14436,0.069537,-0.92774,0.14876,-0.074276,0.3613,0.35807,-0.053196,-0.065921,0.52435,-0.24425,0.38719,0.19465,1.127,0.3809,-0.19392,0.46187,0.12793,0.11362,0.81258,0.16605,-0.82075,-0.18585,-0.7495,0.99713,0.17981,0.0059784,0.73961,-0.70446,-0.32527,0.67071,0.34191,0.10777,-0.07713,-0.14214,-0.3485,0.42642,-0.47768,0.23845,-0.5303,0.30512,-0.031123,-0.080986,0.4282,-0.21991,0.2397,0.50966,0.27456,-0.097068,0.54531,0.0036139,0.33484,-0.2187,0.25998,-0.24103,0.10851,0.46974,-0.62567,-0.37083,-0.46843,0.41059,0.066999,-0.0043596,0.15234,-0.24922,0.31402,0.43223,-0.27831,0.51378,0.75284,-0.60294,-0.07918,0.019168,0.10902,0.86146,-0.16548,-0.44621,-0.88452,0.73326,0.29478,-0.31248,0.16264,0.072094,-0.38193,0.16854,0.28316,0.31288,-0.20277,-0.36963,-0.19081,0.5949,0.18156,-0.29147,-0.23333,0.22364,0.35624,0.69597,0.10981,0.26678,-0.37859,-0.39363,0.02444,-0.13579,0.52841,-0.93836,-0.44226,0.016925
m16,m17,0.30652,-0.26564,0.59775,0.74219,0.14473,-0.012784,-0.02504,0.33854,-0.35581,-0.69416,0.72764,0.15709,0.86988,0.52883,1.0691,0.5187,0.39292,0.12194,-1.1381,-0.64442,0.073036,0.10251,-0.16717,-1.1561,0.69983,0.79943,0.74608,-1.2072,0.21663,-0.7216,-0.3218,-0.50806,-0.12666,-0.22714,-1.07,0.20807,0.31597,-1.4703,0.1767,-1.3155,-0.059839,-0.40346,-0.4359,0.29442,0.18653,-0.13075,-0.29164,-0.98016,0.40436,-0.60368,0.58191,-0.42818,0.39472,-0.062749,0.23255,-0.22036,0.15389,-0.21216,0.29736,0.064076,0.17282,0.60602,0.60869,0.078452,-1.0911,0.096965,0.29696,0.18622,-0.078936,-0.23701,-0.45193,0.59588,-0.90185,1.4442,0.66226,-0.27579,1.0851,0.53016,-0.58121,0.74349,0.57831,0.26208,-0.06172,0.1996,-0.54592,0.40394,-0.00039755,-0.01629,-0.58083,0.18961,-0.17008,-0.1769,0.47123,-0.36778,-0.067172,0.55323,0.32633,-0.28713,0.82742,0.085971,0.31578,-0.12062,0.54598,0.28387,-0.033005,0.16301,-0.72579,-0.70657,-1.041,0.37502,-0.087003,1.1262,0.5173,-0.030345,0.56855,0.0099026,-0.59579,0.47455,0.29245,-0.36112,-0.45968,-0.058592,0.10409,0.94186,-0.43121,-0.28739,-1.1567,0.55179,-0.37017,-0.65257,0.30461,0.0091254,-0.36379,0.21114,0.3834,0.47837,-0.21347,-0.20507,-0.54339,0.39567,-0.17066,-0.86945,-0.003918,0.25463,0.67457,0.25029,0.2997,0.25807,-0.6461,-0.52779,-0.35755,-0.13781,0.49116,-0.98307,-0.52082,0.058706
m17,m18,-0.51888,-0.071374,-0.16652,-0.4277,-0.56779,-0.10095,-0.46025,-0.099006,-0.69121,-0.45309,-0.29402,-0.52541,-0.22331,-0.56991,-0.80165,-0.91281,-0.76058,-0.69449,-0.51894,-0.40283,1.1043,-1.0442,-0.63424,-0.34844,-0.82884,-0.29801,-0.58243,-0.49951,-0.9665,-0.58722,6.4392,-0.67309,-0.67869,-0.62151,-0.66187,0.92913,-1.0987,-0.73938,-0.45492,-0.6938,-0.8487,0.26748,-0.036102,0.044981,-0.16804,-0.53019,-0.14634,-2.3135,0.1671,0.041326,0.13089,-0.28024,-0.28635,-0.23149,0.95656,0.21046,-0.046552,-0.5126,-1.8194,0.57377,0.9452,0.8927,0.0018243,-0.058301,-0.93044,0.92706,0.047482,0.35819,-0.4679,-0.78809,-0.61784,0.59661,-1.3644,-0.050619,1.8254,1.1882,-0.41567,0.32748,-0.10159,1.0376,0.86766,1.531,3.2491,-0.61294,-0.091239,-0.903,3.6615,-0.49945,-0.40227,0.55964,0.0057163,-0.59585,0.2339,-0.21413,-0.27561,0.042796,0.44434,-0.0949,1.2119,0.49942,-0.053244,-0.42768,0.0099666,0.53302,-0.95055,0.53468,-1.3116,-0.20438,0.047485,0.29285,-0.20793,0.21949,-0.03648,0.11201,0.38444,-0.79824,0.012309,0.38152,0.41761,-0.67688,0.54789,0.023984,0.45661,0.79662,0.50616,0.20195,0.11377,1.0661,0.054311,-0.27394,1.1832,0.45788,0.092788,-0.015854,0.4284,0.88218,0.31558,-0.52926,-0.65545,0.71966,-0.77928,0.22184,-1.1097,1.3463,0.78613,0.6053,0.88248,-0.96951,-0.34123,-0.49972,-0.79532,-0.4545,-2.5237,0.72411,2.7374,0.57435
m18,m19,0.48761,0.46468,0.27084,0.11136,-0.19096,-0.24123,-0.38163,0.049985,-0.40099,-0.60186,0.25376,-0.19768,0.48643,-0.068939,0.61131,0.23395,0.23592,-0.34006,-0.59515,-0.39079,0.44831,0.065973,-0.37435,-0.77598,0.52661,0.71724,0.48655,0.17362,0.35591,-1.0438,0.59865,-0.47397,-0.097566,0.019885,-0.83138,0.3857,0.45753,-1.5017,0.26199,-1.232,-0.011179,-0.42655,0.51516,0.0053173,0.12517,-0.2985,-0.12165,-0.85258,0.65074,-0.41148,0.27567,-0.45867,-0.12509,-0.029986,0.47241,0.2166,0.07243,-0.37759,0.21541,0.19741,0.30829,0.3587,0.71369,0.41897,-1.0435,0.53816,0.31149,0.51819,0.50298,-0.23616,-0.35115,0.53146,-0.77567,0.68629,0.61684,0.2865,0.44074,0.046359,-0.92815,0.88231,0.58178,0.42959,0.044388,-0.043819,-0.53028,0.31252,-0.022437,0.0057905,-0.32444,0.39223,-0.13693,-0.20318,0.41997,-0.46911,-0.1315,0.32675,0.2358,-0.53003,0.25014,-0.024241,0.28618,-0.23378,0.46373,0.45233,-0.041359,0.49476,-0.36702,-0.23607,-0.63848,0.28154,-0.60955,0.82242,0.29215,-0.19963,0.63496,0.22789,-0.23979,0.75246,0.46097,-0.43386,-0.4608,-0.081597,-0.1251,0.61249,-0.41244,-0.20575,-0.95929,0.4732,-0.17522,-0.44941,0.10158,-0.14124,-0.40068,0.011051,0.30196,0.12115,-0.24919,-0.37881,-0.33903,0.47092,-0.16968,-0.80489,-0.44781,0.38219,0.64774,0.44706,0.17928,0.10224,-0.53772,-0.29955,-0.2141,-0.25848,0.20962,-0.75474,-0.55244,0.18146
m19,m21,0.23155,-0.13286,-0.64546,-0.50864,-0.23037,-0.32943,-0.57981,0.37715,1.1648,-0.36125,-0.085477,-0.19475,-0.63475,-0.42926,-0.19163,0.28281,-0.44145,-0.3059,1.1512,1.3656,0.0091844,0.20761,-0.60113,-0.44867,1.3189,-0.46114,-0.34548,1.334,0.30639,-0.28826,0.13541,0.85077,1.3859,-0.36581,-0.2907,0.77782,-0.35316,0.17618,0.1049,-0.54326,1.3063,0.67666,-0.36809,-0.4424,-0.26813,-0.034284,0.19621,0.26734,-0.15989,-0.41527,-0.43789,1.2493,0.43605,0.081771,-0.35328,-0.35035,0.11,-0.68803,-0.46194,0.055327,-0.064697,-0.529,-0.31311,0.090956,-0.23577,-0.55693,-0.74618,1.1278,-0.92392,0.13758,0.62934,0.28937,-0.24201,-0.81023,-0.033695,-0.61337,-0.2692,0.86253,-1.0325,-0.29592,0.38647,1.0782,-0.15682,-0.43242,-0.40144,-0.057644,0.63535,0.081311,-0.42883,-0.27589,0.28736,0.42619,-0.059908,-0.21613,0.23783,0.26813,0.0068922,0.091106,0.14861,0.63762,0.21318,0.12321,0.19299,0.54748,0.13445,-0.52385,0.10741,0.12746,0.029932,-0.28255,-0.62785,-0.4697,-0.38026,-0.0072945,-0.27785,-0.31447,0.053792,0.5432,-0.48896,0.26475,-0.31952,0.091141,-0.19669,-0.22899,-0.073057,0.92832,-0.6281,0.18287,-0.24582,0.28749,-0.12047,-0.2845,0.044827,-0.099349,0.51313,-0.23666,0.27756,0.088618,0.10003,-0.43413,-0.4024,-0.66614,-0.029243,-0.35498,0.73048,-0.067309,0.036693,-0.19136,0.17238,0.025906,-0.45355,0.55072,-0.53571,0.15152,0.26286,0.62029
m20,m22,-0.08055,-0.45246,-0.23236,-0.092933,-0.093861,0.12829,-0.42446,0.47181,1.396,-0.37309,0.25426,0.1985,-0.33866,-0.20083,0.61077,0.60471,-0.04704,-0.20459,0.6361,0.96509,-0.073415,-0.24043,-0.4553,-0.6893,1.4213,-0.2493,-0.049988,0.26386,0.060825,0.253,-0.41932,0.79068,1.0698,-0.59076,-0.52117,0.10609,-0.30431,-0.46357,-0.092472,-0.89789,0.95727,0.71512,-0.79059,-0.25392,-0.22933,0.26292,0.027112,-0.27931,-0.27084,-0.52053,-0.15738,0.89006,0.7201,-0.074283,-0.23985,-0.31847,0.076348,-0.8078,-0.49868,-0.37616,0.13276,-0.61147,-0.20184,-0.2012,-0.58003,-0.52821,-0.71654,0.36424,-0.53369,-0.21499,0.29311,0.39538,-0.34755,-0.032919,0.10577,-0.70978,0.18151,0.97861,1.1823,-0.12457,0.22086,0.68907,-0.19536,-0.30085,-0.43182,0.056658,0.80088,0.033442,-0.61712,-0.33527,0.33939,0.37561,0.13188,-0.12301,0.23541,0.41205,0.04336,0.11283,0.46887,0.81913,0.13555,0.25638,0.17868,0.46377,0.23436,-0.56692,-0.12796,-0.38071,-0.35212,-0.25668,0.28137,0.093159,-0.031125,-0.051231,-0.13195,-0.22193,-0.40947,0.19269,-0.60483,-0.18364,-0.5375,0.14769,0.1434,-0.03849,-0.099105,0.61509,0.45407,0.18398,-0.29297,0.054351,-0.036481,-0.064816,-0.21163,-0.085654,0.23385,0.46494,0.11427,-0.017744,-0.25682,-0.048795,-0.39631,-0.36147,0.2152,-0.14894,0.45901,-0.38101,0.040523,-0.23022,-0.11328,0.15317,-0.4297,0.13607,-0.44766,-0.26766,0.14361,0.34793
m21,m23,-0.09226,-0.10687,-0.24906,-0.31236,-0.087579,-0.064447,-0.34772,0.086543,1.3865,-0.1984,-0.087819,0.078889,-0.44509,-0.28202,-0.064121,0.36651,-0.21558,-0.15021,1.1085,0.90926,0.034305,0.12321,-0.16732,-0.23057,0.74072,-0.28676,-0.16637,1.0591,0.04473,0.08693,-0.13355,0.75427,1.0292,-0.16377,-0.43666,0.021273,-0.31015,-0.27422,-0.17667,-0.35543,1.2049,2.5444,-0.032077,-0.050145,0.088789,0.13067,0.21427,-0.072089,0.050293,-0.079994,-0.33467,1.0662,-0.17913,0.11196,-0.10004,-0.11364,0.029174,-0.49919,-0.27725,-0.0697,-0.035293,-0.36493,-0.10161,-0.041055,-0.25288,-0.32548,-0.32156,0.51795,-1.0431,-0.011703,0.22259,0.16932,-0.12073,-0.48261,-0.18255,-0.31261,-0.087664,0.62195,-0.1951,-0.35168,0.17372,0.27491,0.008688,-0.22957,-0.23739,0.014299,0.51029,-0.029221,-0.19423,-0.10868,0.23699,0.20175,0.047223,-0.14638,-0.045064,0.027041,-0.09804,-0.17803,-0.09806,0.23059,0.0034824,-0.04639,0.057678,0.36353,0.010056,-0.24142,0.10132,-0.016248,-0.14068,-0.17718,-0.33152,-0.70708,-0.10843,-0.11887,-0.12909,-0.16631,-0.10371,0.15804,-0.24659,-0.0042515,-0.20132,-0.017801,0.046366,-0.17586,-0.067172,0.48008,-0.049213,0.091505,-0.19471,0.11663,-0.073389,-0.17574,-0.11099,-0.17171,0.12968,-0.05484,0.042545,-0.1062,-0.02243,-0.084201,-0.29217,-0.38469,-0.10014,-0.10608,0.25049,-0.18988,0.024873,-0.2177,0.11101,-0.059944,-0.34411,0.094704,-0.39069,-0.073473,0.03028,0.37024
m22,m24,0.5731,0.65516,-0.6471,-0.70498,-0.36591,-0.7105,-0.74371,0.37704,0.51985,-0.56175,-0.11636,-0.2213,-0.49484,-0.6261,-0.1441,0.30283,-0.36161,-0.33565,0.71617,0.94236,0.050761,0.29754,-0.73717,-0.48373,1.4609,-0.1741,-0.089579,1.7197,0.83272,-0.86483,0.56019,0.36208,1.0681,-0.13355,-0.4154,1.0339,-0.17216,-0.09727,0.29403,-0.87468,1.0865,0.5171,0.14367,-0.33337,-0.329,-0.39261,0.18111,0.24622,0.29195,-0.39733,-0.50525,0.78921,0.55581,-0.092605,-0.11516,-0.19824,0.2562,-0.60194,-0.12156,0.30658,-0.033394,-0.21268,0.075384,0.4036,-0.5952,-0.20356,-0.46649,1.4905,-0.80563,0.29968,0.24669,0.31462,-0.39023,-0.84957,-0.050326,-0.18217,-0.16745,0.42493,-1.8079,-0.062192,0.8382,1.2457,-0.40137,-0.29722,-0.57246,0.10319,0.44254,0.12414,-0.38823,-0.062162,0.063367,0.14206,-0.009268,-0.41881,0.12527,0.30701,0.11724,-0.14062,0.032518,0.36893,0.42125,-0.047839,0.29116,0.56942,0.040294,-0.11005,0.1032,0.31587,-0.12418,-0.090414,-0.95715,-0.28092,-0.31043,-0.097444,-0.09401,-0.16395,0.13553,0.83724,-0.11326,0.3198,-0.31016,0.029888,-0.37322,0.0068133,-0.22857,0.60216,-1.245,0.22055,-0.23096,0.21117,-0.03738,-0.51092,0.045983,0.00449,0.53595,-0.40024,0.038605,-0.084578,0.16409,-0.45728,-0.33428,-1.0691,-0.28281,-0.38792,0.92606,0.52705,-0.041179,-0.03168,0.14124,-0.303,-0.49653,0.53621,-0.30618,-0.071019,-0.098212,0.63988
m23,m25,0.16563,0.54641,-0.25804,-0.23571,-0.091639,-0.33322,-0.72649,0.6691,0.89405,-0.75916,0.17698,0.15327,0.1939,0.24941,0.29869,0.47327,-0.095809,0.16245,0.47322,0.74057,-0.0679,0.086658,-0.58831,-0.92258,1.1075,0.4541,0.13019,1.2512,0.53945,-0.96943,0.018769,0.79469,1.7856,-0.016754,-1.1933,0.3401,0.019423,-1.4881,0.034832,-1.7443,1.947,1.2924,-0.15155,0.25148,0.43087,-0.44643,0.21263,-0.31295,0.28475,-0.75233,-0.027262,1.0973,0.18337,-0.11199,0.049014,-0.63382,0.35914,-0.51223,-0.073018,0.25939,0.033847,0.1785,0.26015,0.05271,-1.5551,-0.2304,0.25187,1.3492,-0.114,-0.27556,-0.0093437,0.65473,-0.71426,-0.27001,0.45995,-0.073811,0.32084,1.4146,-2.061,0.32999,0.92847,0.64485,-0.36379,0.24043,-0.54093,0.29106,0.45353,-0.2868,-0.36863,0.050027,-0.2588,-0.50349,0.17672,-0.66615,-0.30108,0.24286,0.19692,-0.53552,0.25242,0.029271,0.439,-0.17281,0.46359,0.88747,-0.044802,0.069604,-0.16019,-0.21384,-0.77985,0.14127,-1.0462,1.105,0.24447,-0.056957,0.30027,-0.31518,-0.24067,0.85575,-0.028196,0.26983,-0.56189,-0.13858,-0.367,0.28487,-0.43632,0.13685,-1.6588,0.23209,-0.61446,-0.47882,0.14659,-0.46165,-0.29057,0.062797,0.51803,-0.30211,-0.12282,-0.14971,-0.018467,-0.15935,-0.48494,-1.545,-0.15304,-0.19554,0.89987,0.35641,0.37717,0.14199,-0.36663,-0.47605,-0.67869,0.16548,-0.082744,-0.64786,-0.57666,0.62919
m24,m26,0.92054,0.82614,-0.54157,-0.76857,-0.18418,-0.81532,-0.59992,0.16213,-0.1018,-0.66448,-0.48977,-0.21264,0.0028982,-0.11566,-0.41837,0.20162,-0.50679,0.23252,0.24207,0.21626,-0.12317,0.54526,-0.7226,-0.62648,1.5504,0.19862,0.054389,1.2888,0.9478,-1.6257,0.51243,0.14092,0.66518,0.175,-0.38653,0.7984,0.1416,-0.31403,0.29981,-1.0486,0.75983,0.40182,0.20286,0.13993,0.19106,-0.73928,0.12606,0.27391,0.53649,-0.29562,-0.51256,0.45607,0.30585,-0.12139,-0.34772,-0.61122,0.47078,-0.21908,0.29637,0.46836,-0.18772,0.32518,0.219,0.3115,-0.94604,-0.044317,0.084545,1.623,0.030133,0.34902,0.06376,0.48825,-0.63188,-0.95179,0.12312,0.009254,-0.26889,0.40255,-2.8903,0.45215,1.2239,1.0409,-0.67367,-0.081949,-0.46833,0.25934,0.053831,-0.11101,-0.20754,0.16085,-0.71187,-0.5346,-0.099399,-0.60717,-0.15767,0.20678,0.26049,-0.16604,-0.063343,-0.31294,0.63622,-0.14703,0.42677,0.56234,-0.017318,0.17071,-0.020614,0.33158,-0.26351,0.081318,-1.3243,1.77,-0.11631,0.0063491,0.098376,-0.30656,0.26143,1.1226,0.25771,0.66331,-0.14645,0.10878,-0.5956,0.12732,-0.29738,0.24355,-2.2264,0.30869,-0.22343,-0.0955,0.099545,-0.66074,0.11394,0.26321,0.88449,-0.62008,0.11473,0.095072,0.37769,-0.61769,-0.32202,-1.4874,-0.30741,-0.51457,1.2332,0.94805,0.20327,0.24216,-0.052859,-0.61659,-0.43916,0.68876,-0.0502,-0.43969,-0.49363,0.7512
m25,m27,0.2861,0.093771,-0.44499,-0.52269,-0.24872,-0.5299,-0.47957,0.24567,0.47667,-0.45601,-0.13119,-0.2741,-0.36361,-0.39925,-0.17518,0.20978,-0.34097,-0.34184,0.63141,0.76527,-0.044531,0.20801,-0.55784,-0.49744,1.2253,-0.14655,-0.078557,1.1228,0.39352,-0.78725,0.17011,0.30162,0.94919,-0.25495,-0.4496,0.58962,-0.17013,-0.2548,0.16409,-0.83826,0.84442,0.59141,-0.16995,-0.19296,-0.12242,-0.33123,0.13911,0.050686,0.10822,-0.43998,-0.41684,0.78785,0.29291,-0.10499,-0.098291,-0.13941,0.20084,-0.45283,-0.036903,-0.017742,-0.058421,-0.28531,0.013303,0.20323,-0.50779,-0.1629,-0.34591,1.1783,3.7223,0.12786,0.27686,0.27906,-0.28297,-0.55561,0.023588,-0.15151,-0.1358,0.50487,-1.3221,0.096397,0.53172,0.76424,-0.43865,-0.29378,-0.43167,0.10715,0.30253,-0.037496,-0.36545,-0.042575,0.011132,0.09634,0.014525,-0.27725,0.055767,0.21255,0.059849,-0.16882,0.020359,0.24909,0.29666,-0.050897,0.20766,0.46319,0.027727,-0.11891,0.079647,0.20972,-0.11566,-0.096415,-0.81526,-0.11251,-0.17939,-0.091502,-0.057947,-0.1439,0.092028,0.5491,-0.097944,0.26041,-0.36266,0.093702,-0.28753,0.01271,-0.21443,0.45034,-1.0395,0.2144,-0.19026,0.10538,-0.021461,-0.38334,-0.085666,-0.039498,0.44631,-0.34225,-0.02915,-0.090673,0.10364,-0.33741,-0.36777,-0.90236,-0.1692,-0.26987,0.69287,0.38972,0.043884,0.01213,0.093856,-0.23688,-0.41734,0.45731,-0.30945,-0.22444,-0.14123,0.51626
m26,m28,0.1087,-0.12237,-0.37403,-0.25906,-0.10796,-0.30701,-0.2567,0.26809,0.53019,-0.21439,-0.035696,-0.031596,-0.21302,-0.3132,-0.11205,0.1632,-0.25364,-0.17777,0.59195,0.47416,0.026547,0.035997,-0.33402,-0.33818,0.79359,-0.18532,-0.14825,0.46614,0.043978,-0.12789,-0.012003,0.39175,0.30598,-0.34604,-0.17125,0.43764,-0.32491,0.22448,0.045904,-0.14716,0.44171,0.69114,-0.17454,-0.27859,-0.11492,0.086724,0.022798,0.0035127,-0.099945,-0.24241,-0.39115,0.46469,0.1421,-0.0826,-0.25478,-0.20517,0.043208,-0.48525,-0.28425,0.03848,-0.17841,-0.12947,-0.078597,-0.12633,-0.29463,-0.27248,-0.43674,0.47318,-0.038401,0.015956,0.42296,0.19207,-0.29591,-0.48631,-0.1953,-0.38888,-0.23293,0.36831,-0.27859,-0.33941,-0.0018371,0.13622,-0.14599,-0.16756,-0.24944,-0.0944,0.21223,0.041463,-0.17471,-0.066846,0.090012,0.21028,0.0041612,-0.064781,0.084587,0.030159,-0.023711,0.008723,-0.071317,0.22056,0.033516,0.0028533,0.013651,0.30256,-0.051084,-0.21997,-0.090532,0.11114,-0.18832,-0.21873,-0.17994,5.0469,-0.20901,0.025679,-0.21399,-0.17087,-0.065449,0.25048,-0.18623,0.026062,-0.14006,0.11237,-0.056767,-0.10571,-0.11241,0.45631,-0.2935,-0.055814,-0.1016,0.021185,-0.15339,-0.099195,0.017272,-0.021546,0.27831,-0.0071915,0.11723,-0.10588,0.010956,-0.137,-0.17732,-0.18632,-0.13186,-0.2127,0.22906,0.19732,-0.19999,-0.12289,-0.074308,0.031441,-0.27126,0.22053,-0.2344,-0.15202,0.13814,0.31092
m27,m29,0.26271,-0.11558,-0.75024,-0.75454,-0.19953,-0.40836,-0.77847,0.55718,1.1029,-0.50117,-0.14612,-0.17929,-0.52094,-0.45212,-0.17204,0.53584,-0.49197,-0.37973,1.0172,1.3668,0.033276,0.18119,-0.75777,-0.60785,1.7375,-0.47427,-0.35487,1.3153,0.46021,-0.57913,0.14485,0.7037,1.555,-0.40099,-0.42724,0.72878,-0.38051,-0.10058,0.37468,-0.84391,1.486,1.1326,-0.65977,-0.40406,-0.28847,-0.31766,0.077206,0.16002,-0.17017,-0.45054,-0.67716,1.2412,0.58113,-0.17103,-0.56092,-0.57556,0.38514,-0.9092,-0.50461,0.13335,-0.086955,-0.53716,-0.32365,-0.093008,-0.59796,-0.54007,-0.76569,1.3793,-0.57291,0.12567,0.54821,0.4512,-0.43506,-1.0035,-0.0237,-0.65056,-0.4177,0.88409,-1.5259,-0.22793,0.60178,1.0824,-0.33813,-0.37267,-0.52058,-0.021584,0.56014,0.019143,-0.57573,-0.27402,0.12606,0.35291,-0.062823,-0.30908,0.19221,0.32596,0.067548,0.052164,0.15146,0.65034,0.35171,0.20112,0.19675,0.78374,0.23577,-0.56221,0.051019,0.13696,-0.072069,-0.37426,-0.85906,3.1016,-0.35289,0.027276,-0.32443,-0.40274,-0.03811,0.82859,-0.50514,0.39961,-0.48767,0.099108,-0.26533,-0.20643,-0.14141,1.0987,-1.0197,0.21572,-0.28531,0.23956,-0.088364,-0.41552,0.086062,-0.048046,0.75906,-0.34752,0.30222,0.11073,0.16193,-0.50359,-0.43671,-0.95502,-0.078857,-0.51695,0.9566,0.17088,0.0015958,-0.13154,0.072707,0.039317,-0.55981,0.67012,-0.56239,0.010606,0.24108,0.88952
m28,m30,7.66E-05,-0.55805,-0.19452,-0.05525,0.083324,0.139,-0.5874,0.76793,1.1909,-0.57055,0.36238,0.22813,0.16167,0.21704,0.51526,0.61051,0.098948,0.028479,0.10614,0.73857,-0.0073773,-0.12023,-0.67533,-1.1209,1.3571,0.0062429,-0.11879,-0.12512,0.090277,-0.28786,-0.43293,0.61755,1.3169,-0.53215,-0.77779,0.51945,-0.18223,-0.8909,0.054493,-1.3257,1.2357,0.86319,-1.1836,-0.051304,-0.028274,-0.046811,-0.066301,-0.42519,-0.011034,-0.67771,-0.047111,0.73493,0.61696,-0.25086,-0.27092,-0.77882,0.39131,-0.81417,-0.39111,-0.093465,0.051599,-0.18673,-0.14351,-0.29444,-1.1504,-0.70514,-0.28403,0.77567,-0.40249,-0.3814,0.30773,0.88293,-0.61023,0.093507,0.62463,-0.74229,0.35559,1.5407,-0.55833,0.23726,0.61675,0.64508,-0.20344,0.034511,-0.51024,0.16602,0.55921,-0.16598,-0.76044,-0.19341,-0.12043,0.023979,0.20044,-0.35039,-0.018411,0.39176,0.23203,0.0025853,0.57956,0.49755,0.23998,0.18971,0.43852,0.82648,0.24996,-0.45089,-0.31147,-0.50075,-0.72531,-0.13489,-0.3128,2.9022,0.28864,0.069971,0.12447,-0.39461,-0.48293,0.59363,-0.53607,0.16289,-0.72339,0.065891,-0.0027964,0.12711,-0.20579,0.48055,-0.82954,0.2384,-0.49128,-0.34094,0.13735,-0.15184,-0.11618,0.1543,0.48355,0.14155,0.17952,-0.0437,-0.26828,-0.039116,-0.54306,-0.7845,0.25014,-0.098438,0.87006,-0.27827,0.2256,-0.035871,-0.36085,-0.06996,-0.66661,0.28059,-0.26348,-0.47498,-0.047362,0.57495
